grid_id,lat,lon,district
GRID_00478,37.58234917824377,126.799099536239,강서구
GRID_00536,37.5607298812932,126.808784106418,강서구
GRID_00537,37.56515783155143,126.80773541602268,강서구
GRID_00538,37.5689710193602,126.80817960490576,강서구
GRID_00539,37.573417216405694,126.8075326406348,강서구
GRID_00540,37.5770435,126.8084341,강서구
GRID_00585,37.49521848,126.8157693,
GRID_00598,37.556610633694895,126.8134593709411,강서구
GRID_00599,37.55997405608112,126.812391497528,강서구
GRID_00600,37.56504154178188,126.8126365053662,강서구
GRID_00601,37.56922374024065,126.81203380721726,강서구
GRID_00602,37.57342036098368,126.812807491763,강서구
GRID_00603,37.57819309008846,126.81354151801136,강서구
GRID_00604,37.5807529,126.8125413,강서구
GRID_00643,37.475221075,126.8169894,
GRID_00644,37.479093275,126.8207341,
GRID_00645,37.48533999516265,126.820501148472,
GRID_00647,37.49296755969656,126.81931269360352,구로구
GRID_00648,37.49602699881799,126.81796612513178,구로구
GRID_00661,37.55644173040738,126.81582639184526,강서구
GRID_00662,37.56145236837978,126.8171250424754,강서구
GRID_00663,37.56551344197926,126.81733952833198,강서구
GRID_00664,37.56992845942535,126.817520629183,강서구
GRID_00665,37.57262016873201,126.81751364149136,강서구
GRID_00666,37.57806334798065,126.8169889161993,강서구
GRID_00706,37.4765475360742,126.822897390882,구로구
GRID_00707,37.47842359333333,126.82425473333336,구로구
GRID_00708,37.4839548443242,126.8222871716155,구로구
GRID_00709,37.48828261771739,126.82553863494512,구로구
GRID_00710,37.49297671965248,126.82324022818456,구로구
GRID_00711,37.49767199543816,126.82539810327894,구로구
GRID_00712,37.49997778218104,126.82663335496484,구로구
GRID_00716,37.5218628289967,126.8263631606604,
GRID_00717,37.522363952438326,126.82598655105284,
GRID_00719,37.53421174091043,126.82532986959004,양천구
GRID_00720,37.537262256206176,126.82558746734958,양천구
GRID_00721,37.540560826232245,126.826227539512,강서구
GRID_00722,37.54677514034441,126.8232966641201,강서구
GRID_00723,37.55147492333333,126.82466426666667,강서구
GRID_00724,37.55683645,126.8246167,강서구
GRID_00725,37.55922536,126.82200485,강서구
GRID_00726,37.564385310000006,126.8248069,강서구
GRID_00727,37.56939913212243,126.82359281464274,강서구
GRID_00728,37.57247751468432,126.82159999959144,강서구
GRID_00772,37.48825057169339,126.83117194633957,구로구
GRID_00773,37.49431354738972,126.83161007870196,구로구
GRID_00774,37.49763702380651,126.83012439201708,구로구
GRID_00775,37.5001468518268,126.83065091960772,구로구
GRID_00777,37.51163652,126.83031375,양천구
GRID_00778,37.51546854,126.82855135,양천구
GRID_00779,37.52098659110872,126.83127708694808,양천구
GRID_00780,37.52327026978848,126.83087426020865,양천구
GRID_00781,37.53046821746806,126.82973575759452,양천구
GRID_00782,37.53382829949348,126.83056030585573,양천구
GRID_00783,37.53756702868965,126.83007736758918,양천구
GRID_00784,37.54152330172445,126.82930145311605,강서구
GRID_00785,37.54549263448428,126.82973691963583,강서구
GRID_00786,37.551941485473854,126.83108069396684,강서구
GRID_00787,37.554628910232346,126.830326235227,강서구
GRID_00788,37.56023423333333,126.8282402,강서구
GRID_00790,37.56767963333333,126.82706366666666,강서구
GRID_00833,37.48060686,126.8379722,구로구
GRID_00834,37.48349907449064,126.8370952150274,구로구
GRID_00835,37.48842380706355,126.83615002983292,구로구
GRID_00836,37.49405950270501,126.8360074312558,구로구
GRID_00837,37.49700631914423,126.83632609237286,구로구
GRID_00838,37.50048958255445,126.83298035860052,구로구
GRID_00839,37.50578684,126.834918,양천구
GRID_00840,37.511904742457446,126.8356794107618,양천구
GRID_00841,37.51628746563525,126.83713152662092,양천구
GRID_00842,37.52051820235853,126.83554299076604,양천구
GRID_00843,37.52358398419004,126.83476989060162,양천구
GRID_00844,37.52865241409573,126.83575803382004,양천구
GRID_00845,37.53350435280575,126.83513235201556,양천구
GRID_00846,37.53797655568447,126.83575151069935,강서구
GRID_00847,37.54254541860656,126.83511559272624,강서구
GRID_00848,37.5466378362395,126.83476052550148,강서구
GRID_00849,37.551554547658505,126.83449088011476,강서구
GRID_00850,37.554543108442026,126.83575482842308,강서구
GRID_00851,37.5602668125,126.837166825,강서구
GRID_00854,37.57432086143823,126.83750556566716,강서구
GRID_00895,37.47671039,126.8425246,구로구
GRID_00896,37.48037034,126.83982603333334,구로구
GRID_00897,37.48440847333333,126.8404873,구로구
GRID_00898,37.48958254187016,126.8410276853367,구로구
GRID_00899,37.49322190004352,126.84109041628538,구로구
GRID_00900,37.49701087682104,126.84090612192507,구로구
GRID_00901,37.50252633916627,126.84233049758218,양천구
GRID_00902,37.50540079294885,126.84278518115734,양천구
GRID_00903,37.51153088120596,126.8414449358859,양천구
GRID_00904,37.515872829230105,126.83970925739932,양천구
GRID_00905,37.51999946511377,126.84076254479685,양천구
GRID_00906,37.52460387726976,126.84140020260858,양천구
GRID_00907,37.529384490497655,126.84101913301606,강서구
GRID_00908,37.53349721462417,126.84120219937284,강서구
GRID_00909,37.538040459150416,126.84064392621497,강서구
GRID_00910,37.542078923431376,126.84120094371023,강서구
GRID_00911,37.546448304657694,126.84277002392922,강서구
GRID_00912,37.55282790093536,126.83946494359878,강서구
GRID_00913,37.55547072283598,126.84064793180524,강서구
GRID_00914,37.56075950029545,126.84046476509792,강서구
GRID_00915,37.56517392454494,126.84072026025062,강서구
GRID_00916,37.57051497622289,126.84044399400032,강서구
GRID_00917,37.57235710993143,126.83986754532944,강서구
GRID_00960,37.48280876,126.84794396666666,구로구
GRID_00962,37.49384788954105,126.84792534754952,구로구
GRID_00963,37.49771925553092,126.84580560498792,구로구
GRID_00964,37.50228143826376,126.84631619085076,구로구
GRID_00965,37.50600889255687,126.84750694544697,양천구
GRID_00966,37.51042401,126.84597535,양천구
GRID_00967,37.51662787311016,126.84895627321016,양천구
GRID_00968,37.5204158341463,126.84740354177512,양천구
GRID_00969,37.52505850721893,126.84610436502032,강서구
GRID_00970,37.52967084562181,126.84610625168489,강서구
GRID_00971,37.53352293771537,126.84691740326542,강서구
GRID_00972,37.53825664911821,126.84698690018,강서구
GRID_00973,37.54230713938237,126.84685538141026,강서구
GRID_00974,37.546695978986,126.84683385064638,강서구
GRID_00975,37.55143888737491,126.8476218645718,강서구
GRID_00976,37.55645556130362,126.84779216879782,강서구
GRID_00977,37.55977915404763,126.8473119503876,강서구
GRID_00978,37.565422247142855,126.8462488142857,강서구
GRID_00979,37.56995359,126.846319725,강서구
GRID_01023,37.48426953476068,126.85274639645309,구로구
GRID_01024,37.48860155757672,126.85326453817314,구로구
GRID_01025,37.49263817584546,126.85252295580288,구로구
GRID_01026,37.49892149290007,126.85285547980445,구로구
GRID_01027,37.5018024284667,126.8530805417607,구로구
GRID_01028,37.50608302253506,126.85321909202294,구로구
GRID_01029,37.51211176,126.852701775,양천구
GRID_01030,37.51630728695744,126.8526778547878,양천구
GRID_01031,37.52075479548848,126.85113697391904,양천구
GRID_01032,37.52476763583274,126.8529706007077,양천구
GRID_01033,37.52903157387848,126.85224306051911,강서구
GRID_01034,37.5337203972273,126.85195944185854,강서구
GRID_01035,37.537863252087085,126.85124351380466,강서구
GRID_01036,37.54154860230011,126.85066482200496,강서구
GRID_01037,37.54699208065445,126.85119964741712,강서구
GRID_01038,37.5518107768021,126.85259124876605,강서구
GRID_01039,37.55583378556101,126.85274143242744,강서구
GRID_01040,37.56175164857143,126.85257815714286,강서구
GRID_01041,37.56425254777778,126.85224246666668,강서구
GRID_01042,37.56979149,126.849264,강서구
GRID_01086,37.4859431398247,126.855672599984,구로구
GRID_01087,37.48858425844124,126.85744133425182,구로구
GRID_01088,37.49347858778962,126.85829578490896,구로구
GRID_01089,37.49716794435081,126.85752615146168,구로구
GRID_01090,37.50191955112271,126.85694741748344,구로구
GRID_01091,37.50543534409915,126.85801839306178,구로구
GRID_01092,37.51205606,126.8584099,양천구
GRID_01093,37.515777042500005,126.859539575,양천구
GRID_01094,37.52116226196444,126.85795732493966,양천구
GRID_01095,37.5243629659249,126.85766339781632,양천구
GRID_01096,37.52911860983526,126.85778081407248,강서구
GRID_01097,37.53392502327089,126.85762505550584,강서구
GRID_01098,37.53724024160715,126.85786897798964,강서구
GRID_01099,37.54390058,126.8599817,강서구
GRID_01100,37.54644574046596,126.8591865202057,강서구
GRID_01101,37.550730523572746,126.85883058288138,강서구
GRID_01102,37.55569279246444,126.85819228235331,강서구
GRID_01103,37.559931825,126.85686913125,강서구
GRID_01104,37.564222715,126.85748085,강서구
GRID_01151,37.49399041538378,126.86179570185372,구로구
GRID_01152,37.498719185714286,126.86453921428571,구로구
GRID_01153,37.50268947476996,126.86446914608096,구로구
GRID_01154,37.50549445093472,126.86470889376676,양천구
GRID_01155,37.510711123893145,126.864861989259,양천구
GRID_01156,37.51550916333333,126.86285456666668,양천구
GRID_01157,37.52095094756952,126.86193519161864,양천구
GRID_01158,37.52403639561466,126.8626144771134,양천구
GRID_01159,37.52955153992759,126.8628445866969,강서구
GRID_01160,37.53398511025223,126.86383110166362,강서구
GRID_01161,37.53749934903611,126.86389103237632,강서구
GRID_01162,37.54304023472872,126.86482543985568,양천구
GRID_01163,37.54678241829629,126.86344739646192,강서구
GRID_01164,37.55132670293252,126.86319390359893,강서구
GRID_01165,37.55549041006487,126.86249784740914,강서구
GRID_01166,37.560276726666665,126.86221393333334,강서구
GRID_01215,37.49658922,126.8721445,구로구
GRID_01216,37.50158863881597,126.86811662542434,구로구
GRID_01217,37.50473491,126.8669786,양천구
GRID_01218,37.5096901347456,126.867508059436,양천구
GRID_01219,37.51708516125898,126.87158371271371,양천구
GRID_01220,37.52037708142547,126.87003821908633,양천구
GRID_01221,37.524671977310014,126.86939063644832,양천구
GRID_01222,37.53027205761704,126.86794732258588,양천구
GRID_01223,37.53431857443883,126.86769298275884,양천구
GRID_01224,37.53843918537275,126.86901848680408,양천구
GRID_01225,37.54236780080089,126.8693150200982,양천구
GRID_01226,37.54646475833933,126.8695656419609,양천구
GRID_01227,37.5512302048709,126.86926603948322,강서구
GRID_01228,37.55558991204869,126.86825940398322,강서구
GRID_01274,37.47876957244413,126.87713436618216,금천구
GRID_01275,37.4835946525,126.8759795,구로구
GRID_01276,37.48788611014292,126.87721394535384,구로구
GRID_01277,37.493515254531246,126.874294477158,구로구
GRID_01278,37.49736648697769,126.8751787309698,구로구
GRID_01280,37.50598273677254,126.8764807243636,구로구
GRID_01281,37.50979769373395,126.8776853622625,양천구
GRID_01282,37.51716441732062,126.8744413654011,양천구
GRID_01283,37.520473933683945,126.8748232422599,양천구
GRID_01284,37.52386278866179,126.87386310230274,양천구
GRID_01285,37.52884048,126.87548815,양천구
GRID_01286,37.5325503675,126.875367075,양천구
GRID_01287,37.53967572928435,126.87266653630796,양천구
GRID_01288,37.54347593882977,126.87352238739676,양천구
GRID_01289,37.54614518872388,126.8747467699153,강서구
GRID_01290,37.55109446699436,126.87494238030256,강서구
GRID_01291,37.554592687500005,126.873171,강서구
GRID_01336,37.47633769,126.878874,금천구
GRID_01337,37.4802862089812,126.87986810825,금천구
GRID_01338,37.48482328626143,126.8824208235171,구로구
GRID_01339,37.48805682961031,126.883064831254,구로구
GRID_01340,37.49338694344485,126.881615142375,구로구
GRID_01341,37.49732059982528,126.88195210940584,구로구
GRID_01342,37.5024644375,126.881622825,구로구
GRID_01343,37.50762202649086,126.8802974528963,구로구
GRID_01344,37.51104502310466,126.88055498943083,구로구
GRID_01345,37.514549731406376,126.8812210640192,양천구
GRID_01346,37.5202152025,126.88285855,영등포구
GRID_01347,37.52401503727273,126.88230537272727,양천구
GRID_01349,37.53528181666667,126.88062113333336,양천구
GRID_01350,37.53721963888889,126.88037241111113,양천구
GRID_01351,37.544253659652384,126.88092187625772,양천구
GRID_01352,37.5456236649918,126.88029424672396,강서구
GRID_01359,37.57760441,126.8829007,마포구
GRID_01360,37.5835372075,126.88090415,마포구
GRID_01361,37.5869305,126.8808319,
GRID_01395,37.45678578,126.88730693333332,
GRID_01396,37.46008471,126.8864838,
GRID_01397,37.465380980334615,126.88801254749,금천구
GRID_01398,37.471815201356335,126.88834500161964,금천구
GRID_01399,37.47347438484009,126.88778842217822,금천구
GRID_01400,37.48030327946881,126.8885006014285,구로구
GRID_01401,37.48528184022756,126.8876833843662,구로구
GRID_01402,37.48785035266121,126.8869758687988,구로구
GRID_01403,37.49249310014545,126.88748658161737,구로구
GRID_01404,37.497924485992506,126.88602300936908,구로구
GRID_01405,37.50158947156676,126.88663035070756,구로구
GRID_01406,37.507000632307694,126.88608653076923,구로구
GRID_01407,37.51127895125699,126.88601148238216,구로구
GRID_01408,37.51629645416667,126.88634080833332,영등포구
GRID_01409,37.52012477904762,126.8863762047619,영등포구
GRID_01410,37.5249033394051,126.88606722807812,양천구
GRID_01411,37.527456556,126.88770046,양천구
GRID_01412,37.53464243,126.8848161,양천구
GRID_01413,37.53767242,126.8847401,양천구
GRID_01414,37.54373500147107,126.8885036950198,영등포구
GRID_01422,37.57923867666667,126.8863047,마포구
GRID_01423,37.581904065,126.8868149,마포구
GRID_01424,37.58717256503584,126.88783120970042,은평구
GRID_01457,37.45328663208994,126.89093575723128,금천구
GRID_01458,37.45823982,126.8941765,금천구
GRID_01459,37.461570772,126.89237062,금천구
GRID_01460,37.46585047972901,126.89307876690556,금천구
GRID_01461,37.471573669345474,126.89230669531509,금천구
GRID_01462,37.4749254432004,126.89295939817582,금천구
GRID_01463,37.4795955364089,126.89205386142504,구로구
GRID_01464,37.48429952174648,126.89128272164784,구로구
GRID_01465,37.48884936106813,126.89235155287348,구로구
GRID_01466,37.49329198883914,126.89178005460424,구로구
GRID_01467,37.49723883101903,126.89201054326692,구로구
GRID_01468,37.502074680740975,126.891848957725,구로구
GRID_01469,37.50616845449913,126.8928951106725,구로구
GRID_01470,37.51144493,126.891432175,영등포구
GRID_01471,37.516312165,126.89190846666666,영등포구
GRID_01472,37.520644870164446,126.89209726044544,영등포구
GRID_01473,37.524863523345005,126.89194598914273,영등포구
GRID_01474,37.529161239,126.89346601,영등포구
GRID_01475,37.53254726,126.89310856666668,영등포구
GRID_01476,37.538766848987926,126.89264782299917,영등포구
GRID_01477,37.542343719119486,126.89067396487728,영등포구
GRID_01484,37.57427535666667,126.89155503333332,마포구
GRID_01485,37.57730827229756,126.8927761644124,마포구
GRID_01486,37.58292232246936,126.89284220965908,은평구
GRID_01487,37.58681401719103,126.88940934645476,은평구
GRID_01519,37.44882499972686,126.90049768166428,금천구
GRID_01520,37.45308891219727,126.89927503350596,금천구
GRID_01521,37.45768970430584,126.89948454901878,금천구
GRID_01522,37.46209199001764,126.89949584178694,금천구
GRID_01523,37.46628725826011,126.8989882940402,금천구
GRID_01524,37.47040401789082,126.8991311076149,금천구
GRID_01525,37.47509384667268,126.89758417147222,금천구
GRID_01526,37.47977439157458,126.89795095108587,구로구
GRID_01527,37.48428902272728,126.89894969090908,구로구
GRID_01528,37.48882792675142,126.8978231838351,구로구
GRID_01529,37.49307612286475,126.89730227036804,영등포구
GRID_01530,37.49714448529365,126.89703137999524,영등포구
GRID_01531,37.50208255402346,126.8980466874828,영등포구
GRID_01532,37.507202387884526,126.8982409008886,영등포구
GRID_01533,37.51048874580319,126.89755816965108,영등포구
GRID_01534,37.51584529666666,126.89905853333332,영등포구
GRID_01535,37.521604218739846,126.89838997533909,영등포구
GRID_01536,37.52390064423651,126.89851342036864,영등포구
GRID_01537,37.52871725267215,126.89785339935442,영등포구
GRID_01538,37.5343073459769,126.89791441278956,영등포구
GRID_01539,37.537932558577616,126.8965639020108,영등포구
GRID_01540,37.54093996684024,126.89472264505366,영등포구
GRID_01542,37.55381022379149,126.90001352204166,마포구
GRID_01543,37.55585305430255,126.89926015611476,마포구
GRID_01544,37.56006880689917,126.898563949225,마포구
GRID_01547,37.575396855719895,126.89570834781397,마포구
GRID_01548,37.57774681188977,126.89580356402128,마포구
GRID_01549,37.58405856046601,126.89860835339032,은평구
GRID_01579,37.434793387982126,126.9054599020984,금천구
GRID_01580,37.44014719563752,126.90519603531476,금천구
GRID_01581,37.443199709795934,126.90512403651208,금천구
GRID_01582,37.44868594137555,126.90450833710416,금천구
GRID_01583,37.45274320394736,126.90445714447812,금천구
GRID_01584,37.45727127897883,126.90377603788426,금천구
GRID_01585,37.4617662890938,126.90347504917428,금천구
GRID_01586,37.46597544924633,126.904343782915,금천구
GRID_01587,37.47069504916674,126.90375154132605,금천구
GRID_01588,37.47554408486179,126.9036925548869,금천구
GRID_01589,37.47934335154146,126.90363765749836,관악구
GRID_01590,37.48355016266509,126.90379401977356,영등포구
GRID_01591,37.48915698527354,126.90348679268038,영등포구
GRID_01592,37.49306393225268,126.90358369861436,영등포구
GRID_01593,37.49755271127381,126.90281529031618,영등포구
GRID_01594,37.50174067510004,126.90278096499168,영등포구
GRID_01595,37.50725463864266,126.9040422575326,영등포구
GRID_01596,37.51022244258974,126.90482829401871,영등포구
GRID_01597,37.5163043373005,126.90133248136334,영등포구
GRID_01598,37.5211510864704,126.90308283075866,영등포구
GRID_01599,37.52474283092281,126.90319440407065,영등포구
GRID_01600,37.52883054657921,126.90280210523848,영등포구
GRID_01601,37.53388463858126,126.90390761522242,영등포구
GRID_01602,37.53631472625132,126.9009301216504,영등포구
GRID_01604,37.54929358565946,126.90560206460566,마포구
GRID_01605,37.5522562732278,126.90399254772582,마포구
GRID_01606,37.55625358716736,126.90297543131506,마포구
GRID_01607,37.56042412864048,126.90298179135344,마포구
GRID_01608,37.56512977754617,126.9041920119526,마포구
GRID_01609,37.56959852382132,126.90502234475338,마포구
GRID_01610,37.573915563561016,126.90332380356308,마포구
GRID_01611,37.57827108367341,126.9044798531652,은평구
GRID_01612,37.58357189135921,126.904983370849,은평구
GRID_01613,37.58888426783545,126.90365510494615,은평구
GRID_01614,37.59176954576453,126.90370699611044,은평구
GRID_01615,37.59653721427235,126.90489068296684,은평구
GRID_01616,37.60098739731878,126.90499051419684,은평구
GRID_01617,37.60548855,126.9048759,은평구
GRID_01619,37.616179471302594,126.9045068216986,은평구
GRID_01620,37.617744864613655,126.90466103032423,
GRID_01642,37.434562606953904,126.9069641057055,금천구
GRID_01643,37.44072019306421,126.90716082850132,금천구
GRID_01644,37.442069815677854,126.90719298170066,금천구
GRID_01645,37.44892303500889,126.90849785996429,금천구
GRID_01646,37.45293250018405,126.90899387476532,금천구
GRID_01647,37.45630625377606,126.90761075757597,금천구
GRID_01648,37.461620725797374,126.91001362852438,금천구
GRID_01649,37.46645136749212,126.90694196584856,금천구
GRID_01650,37.46990871461718,126.90887599292782,금천구
GRID_01651,37.47657163655917,126.90818541652926,금천구
GRID_01652,37.47982467360683,126.90862523729244,관악구
GRID_01653,37.48407532970538,126.90935125743428,동작구
GRID_01654,37.4889556678301,126.90988093089145,영등포구
GRID_01655,37.492976917447024,126.9082075915888,영등포구
GRID_01656,37.497920806513136,126.9078365589906,영등포구
GRID_01657,37.501595672809536,126.90808170618132,영등포구
GRID_01658,37.50729692093503,126.90947662206638,영등포구
GRID_01659,37.511590728098206,126.9083977148712,영등포구
GRID_01660,37.51520198598995,126.9091879519327,영등포구
GRID_01661,37.52058633550645,126.909497058666,영등포구
GRID_01662,37.52495521505741,126.90874994553695,영등포구
GRID_01663,37.528477783076674,126.9073938471452,영등포구
GRID_01664,37.53287215898975,126.90621801969326,영등포구
GRID_01667,37.54882075661872,126.90849779729648,마포구
GRID_01668,37.551863668970526,126.90832031102866,마포구
GRID_01669,37.55614588261666,126.90864370184264,마포구
GRID_01670,37.56092799908279,126.90849014494012,마포구
GRID_01671,37.565463784967896,126.90849598513832,마포구
GRID_01672,37.56873727936933,126.90836709122148,마포구
GRID_01673,37.57573260612204,126.90664742232288,은평구
GRID_01674,37.57940164509007,126.90844416586847,은평구
GRID_01675,37.58330092781204,126.90863406870382,은평구
GRID_01676,37.5874501272512,126.9090851791582,은평구
GRID_01677,37.59317955941382,126.90817216873724,은평구
GRID_01678,37.59631105399811,126.9089798911743,은평구
GRID_01679,37.60107676762005,126.9088805712439,은평구
GRID_01680,37.60610677080389,126.90917037254673,은평구
GRID_01681,37.61011154191832,126.90954832710644,은평구
GRID_01682,37.61496917069668,126.90866085522696,은평구
GRID_01683,37.61819714911143,126.9085957436836,은평구
GRID_01684,37.62264434826862,126.9104176949786,은평구
GRID_01708,37.44946612328587,126.914762361972,금천구
GRID_01709,37.45207244959703,126.91438707519455,금천구
GRID_01711,37.46216812832699,126.91432768661564,금천구
GRID_01712,37.4651325271559,126.91754746375769,관악구
GRID_01713,37.47092135080639,126.91728595630566,관악구
GRID_01714,37.47530530019839,126.91486707917348,관악구
GRID_01715,37.4797114240258,126.91404808526968,관악구
GRID_01716,37.48430364563621,126.91468783827376,관악구
GRID_01717,37.488561427236654,126.9147023160606,동작구
GRID_01718,37.49358452573013,126.9142670601363,영등포구
GRID_01719,37.49851049525225,126.91505848746846,영등포구
GRID_01720,37.50177095448351,126.91511362179322,영등포구
GRID_01721,37.5067242426357,126.91395364298349,영등포구
GRID_01722,37.51074018312779,126.91451285121208,영등포구
GRID_01723,37.515447657945565,126.91462825703806,영등포구
GRID_01724,37.519079706875,126.91321538125,영등포구
GRID_01725,37.5229087514888,126.912017443466,영등포구
GRID_01726,37.52751613,126.9165102,영등포구
GRID_01729,37.54441477109302,126.9137015351814,마포구
GRID_01730,37.54682930004394,126.914274260624,마포구
GRID_01731,37.55260666536033,126.91447440705672,마포구
GRID_01732,37.5568329817747,126.91375775920814,마포구
GRID_01733,37.56081606010068,126.91520832282252,마포구
GRID_01734,37.564835273385874,126.91454807585964,마포구
GRID_01735,37.56910068024121,126.91374567415396,서대문구
GRID_01736,37.57633888,126.914522,서대문구
GRID_01737,37.57960537931375,126.91413264973474,서대문구
GRID_01738,37.58332731476412,126.91440375931026,은평구
GRID_01739,37.58814327267042,126.9143740474872,은평구
GRID_01740,37.592427515445976,126.91462788943628,은평구
GRID_01741,37.59679929924395,126.91393482690968,은평구
GRID_01742,37.60149653957381,126.91362335524134,은평구
GRID_01743,37.606026333733226,126.91360513969484,은평구
GRID_01744,37.61052123207675,126.91354033698926,은평구
GRID_01745,37.615364217100215,126.91401758300194,은평구
GRID_01746,37.619232319214746,126.91410292906062,은평구
GRID_01747,37.62323914641749,126.9140358863704,은평구
GRID_01748,37.62839944032704,126.91514278703512,은평구
GRID_01750,37.6360738,126.916439,은평구
GRID_01771,37.44791606,126.9184421,금천구
GRID_01772,37.45195085,126.9190339,금천구
GRID_01773,37.45910908,126.9200388,관악구
GRID_01774,37.46276994813207,126.91912287440528,관악구
GRID_01775,37.46661363026338,126.92057280268529,관악구
GRID_01776,37.47127754266577,126.92104924194108,관악구
GRID_01777,37.475263183978434,126.92122284868977,관악구
GRID_01778,37.47991420280305,126.92081870302808,관악구
GRID_01779,37.4847135559838,126.92054192215804,관악구
GRID_01780,37.48831057507375,126.92122392461128,동작구
GRID_01781,37.49542869109765,126.9228317870325,동작구
GRID_01782,37.4981374474879,126.92146098930074,영등포구
GRID_01783,37.501614150249175,126.9201831803192,영등포구
GRID_01784,37.5068989730952,126.92176085346694,영등포구
GRID_01785,37.511277940826815,126.92077635990928,영등포구
GRID_01786,37.51493935895749,126.92084313512233,영등포구
GRID_01787,37.52060905,126.92052713333334,영등포구
GRID_01788,37.52614134,126.91845185,영등포구
GRID_01789,37.52959164625,126.9205290125,영등포구
GRID_01792,37.5447927285767,126.922326025762,마포구
GRID_01793,37.54680547356242,126.92030110075277,마포구
GRID_01794,37.551706423750986,126.91976310027864,마포구
GRID_01795,37.556608873416806,126.9192072523631,마포구
GRID_01796,37.560838506000174,126.9197039107668,마포구
GRID_01797,37.56509929419515,126.9194157787576,마포구
GRID_01798,37.56988987543289,126.92041339501566,서대문구
GRID_01799,37.57530171269612,126.92127510976589,서대문구
GRID_01800,37.580562101550605,126.91977706254892,은평구
GRID_01801,37.5832740547466,126.91973121019988,은평구
GRID_01802,37.58736110970148,126.91970600527708,은평구
GRID_01803,37.59231780909134,126.91883714065564,은평구
GRID_01804,37.59716578575731,126.91880573965904,은평구
GRID_01805,37.601662419431634,126.91909057529104,은평구
GRID_01806,37.60592883079533,126.91928325053392,은평구
GRID_01807,37.61059164365621,126.91948309334488,은평구
GRID_01808,37.6149226072375,126.91975160179972,은평구
GRID_01809,37.61965688684168,126.91968479833552,은평구
GRID_01810,37.623798916220856,126.91999309622103,은평구
GRID_01811,37.62734015117233,126.91872299400316,은평구
GRID_01812,37.633816724,126.91851705,은평구
GRID_01813,37.638435805,126.918611175,은평구
GRID_01814,37.642045195,126.91857381666668,은평구
GRID_01837,37.46246341,126.92682216666668,관악구
GRID_01838,37.467931079121975,126.92494207933844,관악구
GRID_01839,37.46960842445266,126.92594194010032,관악구
GRID_01840,37.47561827947088,126.92543764130671,관악구
GRID_01841,37.47982792738398,126.92655613451812,관악구
GRID_01842,37.48482379026458,126.92630553148577,관악구
GRID_01843,37.48838436018997,126.9263672319181,동작구
GRID_01844,37.493780967816136,126.9258986015274,동작구
GRID_01845,37.497366432535976,126.92564145553654,동작구
GRID_01846,37.50212863242743,126.92629611667752,동작구
GRID_01847,37.50537669064405,126.92413909834876,영등포구
GRID_01848,37.51142430125011,126.9263483058322,영등포구
GRID_01849,37.51461584136386,126.92524747224395,영등포구
GRID_01850,37.51963225333333,126.92546663333331,영등포구
GRID_01852,37.5303752625,126.924622825,영등포구
GRID_01855,37.54492834934365,126.92537831050768,마포구
GRID_01856,37.54719901398332,126.92466603206572,마포구
GRID_01857,37.55250270014554,126.92643851005366,마포구
GRID_01858,37.55618975237672,126.92626445049744,마포구
GRID_01859,37.56123761126301,126.9258657138968,마포구
GRID_01860,37.56457061874469,126.92515125887611,서대문구
GRID_01861,37.57116114654905,126.9244889781277,서대문구
GRID_01862,37.5745509774974,126.9254594696099,서대문구
GRID_01863,37.57870475077683,126.92630188528317,서대문구
GRID_01864,37.58315395921571,126.9251467546768,은평구
GRID_01865,37.587127835172126,126.9234306027096,은평구
GRID_01866,37.5932847963903,126.9243486684342,은평구
GRID_01867,37.597348698066455,126.9244767296154,은평구
GRID_01868,37.60140344479646,126.92539638533904,은평구
GRID_01869,37.60638795358216,126.92571234092657,은평구
GRID_01870,37.61022705604029,126.92611300228258,은평구
GRID_01871,37.6146572000051,126.92379209616976,은평구
GRID_01872,37.6194291452877,126.92569462028436,은평구
GRID_01873,37.62434624487083,126.9248521745831,은평구
GRID_01874,37.6269659568663,126.9245396354205,은평구
GRID_01875,37.63369772714286,126.92513412857144,은평구
GRID_01877,37.643087885,126.92478665,은평구
GRID_01878,37.64551705,126.9258656,
GRID_01900,37.46322811591164,126.9322596021766,관악구
GRID_01901,37.46587349111996,126.93269027958246,관악구
GRID_01902,37.47090449154336,126.9320019470225,관악구
GRID_01903,37.47645228116812,126.93159345983632,관악구
GRID_01904,37.48000785866341,126.93226435726434,관악구
GRID_01905,37.48478426989119,126.93216285877176,관악구
GRID_01906,37.48895490557707,126.93229232319064,관악구
GRID_01907,37.49381875249534,126.93154061415424,동작구
GRID_01908,37.49745573634151,126.93178215846834,동작구
GRID_01909,37.502074785684265,126.9311320432044,동작구
GRID_01910,37.50677630105606,126.93317235227974,동작구
GRID_01911,37.51090203857783,126.93216552304428,동작구
GRID_01912,37.515199243333335,126.93037346666668,영등포구
GRID_01913,37.52016856625,126.93192775,영등포구
GRID_01914,37.52499674285714,126.9315165,영등포구
GRID_01918,37.5436712670619,126.93298808535508,마포구
GRID_01919,37.54782927571862,126.931281585166,마포구
GRID_01920,37.55263724476846,126.93046138954712,마포구
GRID_01921,37.55657180969924,126.9310769106595,서대문구
GRID_01922,37.56034151364509,126.9304611318039,서대문구
GRID_01923,37.56569609819796,126.93183808013436,서대문구
GRID_01924,37.56999245347693,126.93153285058465,서대문구
GRID_01925,37.57503920214399,126.93121670345852,서대문구
GRID_01926,37.57893820325077,126.93109807082485,서대문구
GRID_01927,37.582654815659495,126.93286450749078,서대문구
GRID_01928,37.58703291762015,126.93219099387142,서대문구
GRID_01929,37.59316813096482,126.93331853308425,은평구
GRID_01930,37.597310562218055,126.9311157943428,은평구
GRID_01931,37.60141201022103,126.9304487905072,은평구
GRID_01932,37.60588816039384,126.93080166141216,은평구
GRID_01933,37.610747942737305,126.93057894796247,은평구
GRID_01934,37.61489415626583,126.93132742243036,은평구
GRID_01935,37.61941374785684,126.9313780971251,은평구
GRID_01936,37.62350228166809,126.93000583153729,은평구
GRID_01937,37.62749289931384,126.92905281771124,은평구
GRID_01938,37.631748995,126.9312638,은평구
GRID_01939,37.636327996666665,126.93109956666666,은평구
GRID_01940,37.6426183005118,126.930808410031,은평구
GRID_01941,37.6469105,126.92918833333334,
GRID_01942,37.64909456,126.93109825,
GRID_01963,37.46390362476768,126.93760844843976,관악구
GRID_01964,37.46618446083809,126.9376400953696,관악구
GRID_01965,37.47138500070737,126.93822857142617,관악구
GRID_01966,37.4754240241308,126.9377184374048,관악구
GRID_01967,37.47927236375566,126.93775745057776,관악구
GRID_01968,37.48421800709652,126.93674740521044,관악구
GRID_01969,37.48866800041857,126.93770271056722,관악구
GRID_01970,37.49489768357192,126.93689229925384,동작구
GRID_01971,37.497709527425634,126.9369948315913,동작구
GRID_01972,37.5020720691945,126.936635883299,동작구
GRID_01973,37.50685820032502,126.93610747994208,동작구
GRID_01974,37.51101159846745,126.93643659218344,동작구
GRID_01975,37.51431662,126.9393933,영등포구
GRID_01976,37.51973567857143,126.9377693142857,영등포구
GRID_01981,37.542996196769785,126.93834787779258,마포구
GRID_01982,37.54720342062258,126.93746325974504,마포구
GRID_01983,37.55309043851306,126.9367694881718,서대문구
GRID_01984,37.5558852881972,126.93755449280287,서대문구
GRID_01985,37.559200610407146,126.936034494932,서대문구
GRID_01986,37.56710304800547,126.93491946378514,서대문구
GRID_01987,37.57035507084685,126.93531778051543,서대문구
GRID_01988,37.5744105008573,126.93585639698236,서대문구
GRID_01989,37.57882990742512,126.93519645794376,서대문구
GRID_01990,37.583996920779136,126.93682142157223,서대문구
GRID_01991,37.58718403860991,126.93612915143382,서대문구
GRID_01992,37.59248890084546,126.9343429974444,은평구
GRID_01993,37.59769182669693,126.93702250863036,은평구
GRID_01994,37.60254638360632,126.93496732585017,은평구
GRID_01995,37.60453819477296,126.93433692603222,은평구
GRID_01996,37.61041032081147,126.93804250932294,은평구
GRID_01997,37.61597835305324,126.9341699958478,은평구
GRID_01998,37.62102643541407,126.93407053536106,은평구
GRID_01999,37.62239237721907,126.93417014532662,은평구
GRID_02000,37.62752704,126.9352907,은평구
GRID_02001,37.6341674,126.933903,은평구
GRID_02002,37.637857376666666,126.93568476666668,은평구
GRID_02027,37.467578367045085,126.94246569109762,관악구
GRID_02028,37.47140609593644,126.94155294581982,관악구
GRID_02029,37.47525977200896,126.94204447340718,관악구
GRID_02030,37.48019699224619,126.94311246745926,관악구
GRID_02031,37.48451531943899,126.94336641080262,관악구
GRID_02032,37.48896032872975,126.94195995106666,관악구
GRID_02033,37.4947187116906,126.9442478484754,동작구
GRID_02034,37.49794962511502,126.9431823074686,동작구
GRID_02035,37.50256369405081,126.94308446666427,동작구
GRID_02036,37.50758072001455,126.94256558186436,동작구
GRID_02037,37.51078905955444,126.94271424617556,동작구
GRID_02042,37.53558434460224,126.9449794285672,마포구
GRID_02043,37.538114546748645,126.94355477615306,마포구
GRID_02044,37.5435802382284,126.9418578254307,마포구
GRID_02045,37.54790722125634,126.94323556029128,마포구
GRID_02046,37.55309061219893,126.9431322999725,마포구
GRID_02047,37.55698318146257,126.94254742166498,서대문구
GRID_02048,37.5588961775,126.94377335,서대문구
GRID_02049,37.565277158373775,126.94478723603076,서대문구
GRID_02050,37.5691061090544,126.9445543721998,서대문구
GRID_02053,37.58341324726055,126.94338189286688,서대문구
GRID_02054,37.587064170904775,126.94275959464032,서대문구
GRID_02055,37.591655353141626,126.94342530016968,서대문구
GRID_02056,37.59618323414665,126.941962590091,은평구
GRID_02057,37.59981311,126.9446429,서대문구
GRID_02059,37.60995278558265,126.9394547585235,은평구
GRID_02092,37.47726225929117,126.94791545749304,관악구
GRID_02093,37.48006606743982,126.94898215173949,관악구
GRID_02094,37.484388545748295,126.94951821672798,관악구
GRID_02095,37.488081796137685,126.94851590451,관악구
GRID_02096,37.49458594204237,126.9467928357799,동작구
GRID_02097,37.49754808826276,126.94788688792607,동작구
GRID_02098,37.50232826258903,126.94917656091825,동작구
GRID_02099,37.50667419411902,126.9486286719821,동작구
GRID_02100,37.511246020308285,126.94750614863824,동작구
GRID_02101,37.51456355,126.9507571,동작구
GRID_02105,37.53519066424743,126.94785781543332,마포구
GRID_02106,37.53830564269265,126.94846498225084,마포구
GRID_02107,37.54284910273599,126.94848883728169,마포구
GRID_02108,37.5482160424148,126.947976731399,마포구
GRID_02109,37.551203308,126.94897374,마포구
GRID_02110,37.55590094610937,126.9478407143588,서대문구
GRID_02111,37.56032071,126.94959333333333,서대문구
GRID_02112,37.56734017625495,126.94642190226388,서대문구
GRID_02113,37.56848917115014,126.946573265331,서대문구
GRID_02115,37.58075156,126.9499263,서대문구
GRID_02116,37.58448849352571,126.94892190914705,서대문구
GRID_02117,37.58730310515889,126.94774145028656,서대문구
GRID_02118,37.59235929078097,126.94865652112684,서대문구
GRID_02119,37.59717837734259,126.94873219950028,서대문구
GRID_02120,37.60178667756482,126.94871069796316,서대문구
GRID_02121,37.6041475139076,126.94926499122076,서대문구
GRID_02155,37.47611098199577,126.9542347697742,관악구
GRID_02156,37.47989694799527,126.95441564154989,관악구
GRID_02157,37.484608172043046,126.95406312739397,관악구
GRID_02158,37.4878660153082,126.95388619768907,관악구
GRID_02159,37.49340197251512,126.95437523567097,동작구
GRID_02160,37.498433875631605,126.952912270588,동작구
GRID_02161,37.50255779185975,126.9526123060943,동작구
GRID_02162,37.50715253527765,126.9535027476965,동작구
GRID_02163,37.51099529693438,126.9552175093893,동작구
GRID_02166,37.52564467698112,126.95567591354538,용산구
GRID_02167,37.52959197829846,126.954087223062,용산구
GRID_02168,37.53423215242728,126.95454558565456,용산구
GRID_02169,37.53761189536695,126.95541861772466,마포구
GRID_02170,37.54246307489321,126.9536636294899,마포구
GRID_02171,37.54719311573657,126.95477492409071,마포구
GRID_02172,37.55141285771198,126.95530150546432,마포구
GRID_02173,37.55638541806466,126.95449937139028,서대문구
GRID_02174,37.56237985165425,126.95565876092448,서대문구
GRID_02175,37.56497751728217,126.95455120131872,서대문구
GRID_02177,37.57502088064845,126.9547235418195,서대문구
GRID_02178,37.580125507587,126.95166670506752,서대문구
GRID_02179,37.58366104547802,126.9514757275486,서대문구
GRID_02181,37.59323419873291,126.95125556508964,서대문구
GRID_02182,37.59739670808308,126.95243139414832,서대문구
GRID_02183,37.60080064337863,126.95381127427828,서대문구
GRID_02184,37.60658718867338,126.9559803923696,종로구
GRID_02185,37.6102593429512,126.95536304953468,종로구
GRID_02186,37.6142831196325,126.954380485007,종로구
GRID_02216,37.46799572,126.9625973,관악구
GRID_02217,37.47291358628216,126.96215882364478,관악구
GRID_02218,37.47533916535297,126.9613277003302,관악구
GRID_02219,37.48062776608828,126.9600659638179,관악구
GRID_02220,37.483298211869,126.959714042334,관악구
GRID_02221,37.4888918851788,126.95925285956012,관악구
GRID_02222,37.49299659776776,126.95926216050124,동작구
GRID_02223,37.49805634,126.9582764,동작구
GRID_02224,37.501929035,126.959162825,동작구
GRID_02225,37.50828043562615,126.95916894501934,동작구
GRID_02226,37.509923971205936,126.958657736597,동작구
GRID_02229,37.524333095605776,126.96040049015532,용산구
GRID_02231,37.53465726657353,126.95860648469082,용산구
GRID_02232,37.538136014931176,126.95920000813248,용산구
GRID_02233,37.541952073222085,126.9595868359496,마포구
GRID_02234,37.5478959981638,126.95915743598005,마포구
GRID_02235,37.553320574756654,126.96042422496504,마포구
GRID_02236,37.55637931683412,126.96093956658666,서대문구
GRID_02237,37.56131789534039,126.95943011809575,서대문구
GRID_02238,37.56485487705905,126.9587546288382,서대문구
GRID_02239,37.56938726764066,126.96032860829186,서대문구
GRID_02240,37.57488043663651,126.96154991097148,종로구
GRID_02241,37.57725307161765,126.9597007491405,종로구
GRID_02245,37.59839953720651,126.96115976881272,종로구
GRID_02246,37.60200252463246,126.95955110455908,종로구
GRID_02247,37.60617344437748,126.95896975620964,종로구
GRID_02248,37.61046042147633,126.95784315079428,종로구
GRID_02249,37.613898387746325,126.95818312452911,종로구
GRID_02279,37.46840215426514,126.96692345213758,관악구
GRID_02280,37.47095846869306,126.966536951746,관악구
GRID_02281,37.47536643500526,126.9657658774857,관악구
GRID_02282,37.47944437130925,126.96547402679532,관악구
GRID_02283,37.48441880330418,126.96748557279211,동작구
GRID_02284,37.48896296909235,126.96501783223876,동작구
GRID_02285,37.49227229236584,126.96759279275533,동작구
GRID_02287,37.503550632714415,126.964578506359,동작구
GRID_02288,37.50593414154014,126.96709296942882,동작구
GRID_02291,37.52132341271755,126.96627842835863,용산구
GRID_02292,37.52519260268703,126.96495940444046,용산구
GRID_02293,37.53015052769745,126.96754401827576,용산구
GRID_02294,37.53493966246101,126.9652278524232,용산구
GRID_02295,37.53918192431498,126.96488113029132,용산구
GRID_02296,37.54237093728034,126.96488260197408,용산구
GRID_02297,37.54832416183348,126.9664121249522,용산구
GRID_02298,37.55144314535669,126.96565139258904,중구
GRID_02299,37.55739442946592,126.96419764339288,서대문구
GRID_02300,37.56108302977147,126.96494388691244,서대문구
GRID_02301,37.565470743402656,126.96447974967812,서대문구
GRID_02302,37.57172236884463,126.96494018683217,종로구
GRID_02303,37.57403870404794,126.96380673327717,종로구
GRID_02304,37.58032619676421,126.96601571642144,종로구
GRID_02305,37.5821000229028,126.96560837516296,종로구
GRID_02306,37.58769850516875,126.9672230322145,종로구
GRID_02307,37.59379562299126,126.96536676312336,종로구
GRID_02308,37.59676838560025,126.96465440927,종로구
GRID_02309,37.60164719441144,126.96309098919136,종로구
GRID_02310,37.60588796323267,126.96511445986236,종로구
GRID_02311,37.60991377922848,126.96589455899208,종로구
GRID_02312,37.613470866246,126.9664440434255,종로구
GRID_02342,37.46856584360918,126.9692167566838,관악구
GRID_02343,37.47135559215063,126.9710176875374,관악구
GRID_02344,37.47589606411378,126.97160855232734,동작구
GRID_02345,37.48008314167254,126.9718978023108,동작구
GRID_02346,37.484552455610334,126.97063026898472,동작구
GRID_02347,37.48953596635735,126.97022208706174,동작구
GRID_02348,37.491944877780966,126.96939855216044,동작구
GRID_02350,37.50462362795184,126.9704991191686,동작구
GRID_02351,37.5054046231624,126.96953595985566,동작구
GRID_02354,37.52076356545455,126.96962600909092,용산구
GRID_02355,37.524482556,126.97032756000002,용산구
GRID_02356,37.53095380172925,126.97133689668348,용산구
GRID_02357,37.53330367307923,126.97237582137538,용산구
GRID_02358,37.53836794281021,126.96978571055024,용산구
GRID_02359,37.542863074524746,126.9696281674718,용산구
GRID_02360,37.54757657299872,126.97090820678105,용산구
GRID_02361,37.55134047149569,126.96902381670289,중구
GRID_02362,37.55524730098467,126.96837051538732,중구
GRID_02363,37.56170688,126.96984171666666,서대문구
GRID_02364,37.56506035,126.96972346666666,종로구
GRID_02365,37.571349325237264,126.97135455156166,종로구
GRID_02366,37.57429984480048,126.97078425892956,종로구
GRID_02367,37.57918709010744,126.97023461698802,종로구
GRID_02368,37.58341913896992,126.96954996547208,종로구
GRID_02369,37.586930552730415,126.9690309843965,종로구
GRID_02370,37.59387201409584,126.9686291882108,종로구
GRID_02373,37.607109211927394,126.97071111627469,종로구
GRID_02374,37.61013650463588,126.97016626682829,종로구
GRID_02375,37.6143161630868,126.97029913364,종로구
GRID_02406,37.47229931671599,126.9780671299836,관악구
GRID_02407,37.47582963818431,126.97636132690228,동작구
GRID_02408,37.47979809702768,126.97648543683997,동작구
GRID_02409,37.48472968690496,126.97788766177,동작구
GRID_02410,37.48963693579847,126.97808451625244,동작구
GRID_02411,37.49272198491008,126.97784994623686,동작구
GRID_02416,37.517610045,126.9777966,용산구
GRID_02417,37.5198633036537,126.97562677239276,용산구
GRID_02420,37.53278298822375,126.97425750218244,용산구
GRID_02422,37.5426137675197,126.973961463878,용산구
GRID_02423,37.54821169288758,126.97668569327158,용산구
GRID_02424,37.55178596789476,126.9776869180527,중구
GRID_02425,37.55578466624164,126.9773918275678,중구
GRID_02426,37.56175408,126.9779409,중구
GRID_02428,37.57133836,126.9737053,종로구
GRID_02436,37.6083471375511,126.97454476486432,종로구
GRID_02437,37.61003432982185,126.975538717113,종로구
GRID_02438,37.61453648484985,126.97484000796852,종로구
GRID_02469,37.472734669809896,126.9812066767272,관악구
GRID_02470,37.47469557650576,126.98115076492192,동작구
GRID_02471,37.48053886939231,126.98395803995402,서초구
GRID_02472,37.48449546212326,126.9829927971461,동작구
GRID_02473,37.489505048749386,126.98263436757505,동작구
GRID_02474,37.49384481470364,126.98424076242354,동작구
GRID_02475,37.49663896825536,126.98183293073018,동작구
GRID_02479,37.51710086,126.9810212,용산구
GRID_02480,37.5188052,126.98042925,용산구
GRID_02485,37.543869055593646,126.98381040447931,용산구
GRID_02486,37.54753808603903,126.98219508169018,용산구
GRID_02487,37.55081673249713,126.98041726277977,용산구
GRID_02488,37.55714572889486,126.9813513886906,중구
GRID_02489,37.55944226661247,126.98267973207167,중구
GRID_02490,37.5647112,126.9838684,중구
GRID_02491,37.571473395,126.981146,종로구
GRID_02492,37.57427530280212,126.9825550091805,종로구
GRID_02493,37.5789005164145,126.9841342913125,종로구
GRID_02494,37.58348041432863,126.98400770100916,종로구
GRID_02495,37.5878335553657,126.981107714464,종로구
GRID_02501,37.6132562393607,126.97983219644,종로구
GRID_02531,37.466297508536265,126.98971100990045,서초구
GRID_02533,37.47670579051847,126.988564270213,서초구
GRID_02534,37.48017667009027,126.98734828704272,서초구
GRID_02535,37.4848175185702,126.98791538376416,서초구
GRID_02536,37.48856553574124,126.98872607016602,서초구
GRID_02537,37.49320984691214,126.98791527797869,서초구
GRID_02538,37.497394437931646,126.98707234338326,서초구
GRID_02539,37.50217184,126.987727,서초구
GRID_02540,37.50535423,126.989036,서초구
GRID_02542,37.51809797,126.9875011,용산구
GRID_02543,37.52040869067767,126.990500537867,용산구
GRID_02545,37.5319139764827,126.990861634411,용산구
GRID_02546,37.53549314090317,126.9898509945722,용산구
GRID_02547,37.53818634986899,126.9893475943866,용산구
GRID_02548,37.54372299793644,126.98733816471704,용산구
GRID_02549,37.54574803712392,126.98807407248428,용산구
GRID_02551,37.558120147894506,126.98543283874348,중구
GRID_02552,37.56282321,126.9899365,중구
GRID_02553,37.56513468,126.9905534,중구
GRID_02554,37.57064658666667,126.98813861666667,종로구
GRID_02555,37.57490293437487,126.98855292671244,종로구
GRID_02556,37.58079639531326,126.98842127980468,종로구
GRID_02557,37.58256005751616,126.98829033550255,종로구
GRID_02559,37.5945884038769,126.989128197505,성북구
GRID_02560,37.595176535,126.9891944,성북구
GRID_02596,37.47564662667497,126.99370793228329,서초구
GRID_02597,37.48135055838479,126.99376237359752,서초구
GRID_02598,37.48456202323102,126.993602096496,서초구
GRID_02599,37.489305837801545,126.99450996172952,서초구
GRID_02600,37.49333634917289,126.9941704744077,서초구
GRID_02601,37.49727212231729,126.99425017685262,서초구
GRID_02602,37.50278032333333,126.99377350000002,서초구
GRID_02603,37.505597355,126.99402895,서초구
GRID_02606,37.52169200735776,126.99483727574165,용산구
GRID_02607,37.523942362942,126.99541761168724,용산구
GRID_02608,37.52951699599182,126.99472843178158,용산구
GRID_02609,37.53370947938527,126.99297439443292,용산구
GRID_02610,37.53906388390344,126.99271985122142,용산구
GRID_02611,37.54182944824057,126.99200944094632,용산구
GRID_02613,37.55446324235085,126.9954672400245,중구
GRID_02614,37.55626109819804,126.99508386814838,중구
GRID_02615,37.561450945,126.9929819,중구
GRID_02616,37.567074508,126.99477262,종로구
GRID_02617,37.568253160000005,126.99368026666669,종로구
GRID_02620,37.58482499744324,126.99536131011332,종로구
GRID_02621,37.58926495572076,126.99514679556565,성북구
GRID_02622,37.59226307506702,126.99377598061454,성북구
GRID_02623,37.59637579780173,126.9936081958349,성북구
GRID_02626,37.6095782417408,126.995612941507,성북구
GRID_02659,37.47651537863018,127.00059911527444,서초구
GRID_02660,37.479662245662006,127.00016198405956,서초구
GRID_02661,37.48564800433969,126.99846658456866,서초구
GRID_02662,37.4881363377445,126.99766685597434,서초구
GRID_02663,37.494373433637904,126.99973106089534,서초구
GRID_02664,37.49754528077492,126.9996512770994,서초구
GRID_02665,37.50206136,126.99803505,서초구
GRID_02666,37.5072628,127.00066976,서초구
GRID_02669,37.5224214084716,126.99767797148549,용산구
GRID_02670,37.52526137378841,126.99796180284652,용산구
GRID_02671,37.53009115385401,127.00033856934098,용산구
GRID_02672,37.533850634751886,127.00013380947024,용산구
GRID_02673,37.53756499247095,127.001241553896,용산구
GRID_02677,37.55877533479366,127.00097807329702,중구
GRID_02678,37.55987676502124,127.00060913760312,중구
GRID_02679,37.5652136225,127.000646925,중구
GRID_02680,37.5715432425,127.0004203,종로구
GRID_02681,37.57463972647342,126.9996308512236,종로구
GRID_02682,37.57889226254392,127.00122049444896,종로구
GRID_02683,37.58428022128124,126.99866050822838,종로구
GRID_02684,37.58852606845858,126.99875493736928,종로구
GRID_02685,37.592919475332,127.00000445456187,성북구
GRID_02686,37.59566099039875,127.00042196723692,성북구
GRID_02688,37.606350468678045,126.99918545914586,성북구
GRID_02689,37.609625770255,126.9987716660265,성북구
GRID_02690,37.61703966750961,126.99931588543812,성북구
GRID_02691,37.61862181226822,126.99959118461588,성북구
GRID_02722,37.476999365,127.0042195,서초구
GRID_02723,37.4809169336672,127.00632338033398,서초구
GRID_02724,37.48516304264005,127.00534681563046,서초구
GRID_02725,37.48787917719,127.00611244160127,서초구
GRID_02728,37.50236181,127.0074957,서초구
GRID_02729,37.5080145,127.0043826,서초구
GRID_02730,37.51197886669672,127.00628704365728,서초구
GRID_02731,37.51457306,127.0070804,서초구
GRID_02733,37.5265011395542,127.00302326041776,용산구
GRID_02734,37.52987352201355,127.00435027403464,용산구
GRID_02735,37.53338280588002,127.00333589886156,용산구
GRID_02736,37.53812572866232,127.00440838770264,용산구
GRID_02737,37.54379594710706,127.00309640679764,용산구
GRID_02738,37.54913480789888,127.00597776412596,중구
GRID_02739,37.551803377583695,127.00573034062428,중구
GRID_02740,37.557497159305946,127.00383320855808,중구
GRID_02741,37.5612714341001,127.0048747434758,중구
GRID_02742,37.565777225384615,127.00480527692308,중구
GRID_02743,37.572142155,127.00429245,종로구
GRID_02744,37.57582040435787,127.00571041654923,종로구
GRID_02745,37.578963910136174,127.00565878056943,종로구
GRID_02746,37.58372621545722,127.0055302436683,종로구
GRID_02747,37.58935633667919,127.00414149210404,성북구
GRID_02748,37.59244441852098,127.00448333169,성북구
GRID_02749,37.59873777676431,127.0048584975943,성북구
GRID_02750,37.599738756324136,127.0055475460421,성북구
GRID_02751,37.60773036812646,127.00538339552403,성북구
GRID_02752,37.61018793026476,127.00474169799182,성북구
GRID_02753,37.61696457202599,127.00450035363608,성북구
GRID_02754,37.61814538344999,127.00445284138652,성북구
GRID_02758,37.63766114928915,127.00676366024732,강북구
GRID_02759,37.64321259857535,127.00558874135324,강북구
GRID_02760,37.6447055285664,127.006745490123,강북구
GRID_02781,37.45643605,127.0132519,서초구
GRID_02786,37.48121760715386,127.00970267916908,서초구
GRID_02787,37.484482100889,127.01080740720698,서초구
GRID_02788,37.4892659067134,127.01137852789464,서초구
GRID_02789,37.49189434252958,127.0110245944912,서초구
GRID_02790,37.49942367753651,127.0110128562313,서초구
GRID_02791,37.50240102592972,127.0109554437061,서초구
GRID_02792,37.508359745,127.01049288333331,서초구
GRID_02793,37.51205400610875,127.01039285922138,서초구
GRID_02794,37.51593045857143,127.01079435,서초구
GRID_02795,37.51874807,127.01260955,서초구
GRID_02797,37.53095061499654,127.0097602019366,용산구
GRID_02798,37.5342585831944,127.01119683023704,용산구
GRID_02799,37.53977106858248,127.01168092362464,성동구
GRID_02800,37.54214572682152,127.0108013300645,성동구
GRID_02801,37.5486028441344,127.0091548607755,중구
GRID_02802,37.55288360119826,127.01070618974778,중구
GRID_02803,37.55719015599944,127.0104258631024,중구
GRID_02804,37.56149515580197,127.01011333549076,중구
GRID_02805,37.5645897207715,127.01167097405288,중구
GRID_02806,37.57097355,127.01145393333331,종로구
GRID_02807,37.57569965523522,127.00973594165596,종로구
GRID_02808,37.5780109565324,127.00946140505424,종로구
GRID_02809,37.58529132417395,127.00951884992512,성북구
GRID_02810,37.588427021085145,127.01109428197896,성북구
GRID_02811,37.59193636332229,127.01119687017705,성북구
GRID_02812,37.59855507779839,127.01076727893584,성북구
GRID_02813,37.6016542802107,127.01021064009582,성북구
GRID_02814,37.60704885287659,127.01137744245204,성북구
GRID_02815,37.6111233565278,127.01088465711209,성북구
GRID_02816,37.61373871334039,127.01033921898092,성북구
GRID_02817,37.619566383333336,127.01086613333332,강북구
GRID_02818,37.62564788462316,127.01207716057084,강북구
GRID_02819,37.62818503219165,127.0118198099107,강북구
GRID_02820,37.63403082641207,127.01151226738554,강북구
GRID_02821,37.63756690387789,127.01087873296753,강북구
GRID_02822,37.64274241937745,127.01005289513316,강북구
GRID_02823,37.64632009571311,127.01065750013092,강북구
GRID_02824,37.65145790514693,127.01139471019826,강북구
GRID_02825,37.65687975433144,127.0117377680363,강북구
GRID_02826,37.660818341896594,127.01099522935472,강북구
GRID_02827,37.66312328443205,127.010181766496,강북구
GRID_02844,37.456862642,127.01625816,서초구
GRID_02846,37.46532484892185,127.019438867102,서초구
GRID_02849,37.48187515492423,127.01405649554,서초구
GRID_02850,37.48508935832769,127.01616503319003,서초구
GRID_02851,37.488418679630485,127.01710075300724,서초구
GRID_02852,37.49307901884702,127.01687445481056,서초구
GRID_02853,37.49738718656369,127.016363687295,서초구
GRID_02854,37.50356357311946,127.01779088403973,서초구
GRID_02855,37.507631545322816,127.01842911010404,서초구
GRID_02856,37.51207554982554,127.0170840480309,서초구
GRID_02857,37.51617898133244,127.01725826787438,서초구
GRID_02858,37.52072225177882,127.01555604484236,서초구
GRID_02859,37.52394698,127.0182543,강남구
GRID_02861,37.53589987239821,127.01391719068442,용산구
GRID_02862,37.53844303619832,127.01444161154828,성동구
GRID_02863,37.54357652689266,127.01646954813047,성동구
GRID_02864,37.54736346867875,127.016976118092,성동구
GRID_02865,37.55285560587675,127.01576681145764,중구
GRID_02866,37.556994457986,127.01524564444964,중구
GRID_02867,37.56167264497023,127.01591814291896,중구
GRID_02868,37.56529564328568,127.01645847247372,중구
GRID_02869,37.57154859632089,127.01659231815296,종로구
GRID_02870,37.575036154806526,127.01568434590378,종로구
GRID_02871,37.579149564223584,127.0163985081162,종로구
GRID_02872,37.58425702329913,127.01745557165664,성북구
GRID_02873,37.5880981797312,127.01522960825544,성북구
GRID_02874,37.593487039131325,127.0156806954451,성북구
GRID_02875,37.59718439531069,127.01609113360256,성북구
GRID_02876,37.601463368255935,127.0158649636532,성북구
GRID_02877,37.60643558691503,127.0146330487577,성북구
GRID_02878,37.61057302602602,127.01423806160464,성북구
GRID_02879,37.61412795376319,127.016535958563,강북구
GRID_02880,37.62133082101344,127.01613665782465,강북구
GRID_02881,37.6244384147284,127.01480820863448,강북구
GRID_02882,37.62909534878152,127.01540090950644,강북구
GRID_02883,37.63354452231749,127.0157770074528,강북구
GRID_02884,37.63809901713466,127.01586976410312,강북구
GRID_02885,37.642894457635634,127.01510281049246,강북구
GRID_02886,37.64683996516116,127.0152642067078,강북구
GRID_02887,37.65087374833095,127.01390516182832,강북구
GRID_02888,37.65605240504134,127.0154331064985,강북구
GRID_02889,37.65988882533663,127.01466719804186,강북구
GRID_02907,37.4589539325,127.023822225,서초구
GRID_02908,37.462857232,127.02295946,서초구
GRID_02909,37.46816255850262,127.02401510712116,서초구
GRID_02910,37.47005596767181,127.02453050264812,서초구
GRID_02913,37.484543624549886,127.02166858543023,서초구
GRID_02914,37.48902324798785,127.02163600785278,서초구
GRID_02915,37.49384393665087,127.02072905838266,서초구
GRID_02916,37.498419412,127.02301463,서초구
GRID_02917,37.5037967560177,127.02142424858486,서초구
GRID_02918,37.50721857784043,127.02115057899854,서초구
GRID_02919,37.51215434720107,127.02325060716284,강남구
GRID_02920,37.51558356988001,127.0228040145036,강남구
GRID_02921,37.52080213098528,127.02240373194424,강남구
GRID_02922,37.52453168073834,127.02339045346632,강남구
GRID_02923,37.52892919,127.024109,강남구
GRID_02926,37.54359749,127.02094915,성동구
GRID_02927,37.54886968721472,127.02186452923016,성동구
GRID_02928,37.551549541352976,127.02111318213866,성동구
GRID_02929,37.55692480787277,127.02201711306546,중구
GRID_02930,37.56215463783261,127.02119567967551,중구
GRID_02931,37.5665654010559,127.02235164378747,중구
GRID_02932,37.56992127481619,127.02155159180612,종로구
GRID_02933,37.57579788622687,127.02057751576712,종로구
GRID_02934,37.57850228525631,127.02066135929414,성북구
GRID_02935,37.58370148451005,127.02198880091396,성북구
GRID_02936,37.58878136627718,127.0211473412132,성북구
GRID_02937,37.593376860505785,127.0204765516867,성북구
GRID_02938,37.59710012235562,127.02090016570868,성북구
GRID_02939,37.601205968583216,127.02075239689778,성북구
GRID_02940,37.60755441459555,127.02247855981936,성북구
GRID_02941,37.61061856627346,127.02197893148836,강북구
GRID_02942,37.6163203426747,127.02294499465872,강북구
GRID_02943,37.620557689815534,127.02243256081546,강북구
GRID_02944,37.62432229119324,127.0221700483105,강북구
GRID_02945,37.628697786383775,127.0217093211416,강북구
GRID_02946,37.63341076085641,127.02125835979824,강북구
GRID_02947,37.6380681118909,127.02052296411034,강북구
GRID_02948,37.642539523452456,127.02168474659445,강북구
GRID_02949,37.64684185301517,127.0212189977172,도봉구
GRID_02950,37.65158029349277,127.02291792505288,도봉구
GRID_02951,37.65488912223805,127.02118924298776,도봉구
GRID_02952,37.66054626135474,127.02323467829714,도봉구
GRID_02971,37.46305955,127.0269473,서초구
GRID_02972,37.46866048037989,127.02638157325424,서초구
GRID_02973,37.469713697132754,127.02593609582922,서초구
GRID_02974,37.477058035,127.02925955,서초구
GRID_02976,37.485839950165726,127.02816480479214,서초구
GRID_02977,37.48914697218136,127.02866164593816,서초구
GRID_02978,37.49398276484849,127.02817912727272,서초구
GRID_02979,37.497800789230766,127.02938101538462,강남구
GRID_02980,37.50292050962091,127.02862750641388,강남구
GRID_02981,37.5079646231296,127.02835223224676,강남구
GRID_02982,37.51108385792609,127.02803434775076,강남구
GRID_02983,37.51616451189563,127.02770923426084,강남구
GRID_02984,37.52123889807617,127.02754652453784,강남구
GRID_02985,37.52426745304661,127.028416779488,강남구
GRID_02986,37.53080941125,127.0271686375,강남구
GRID_02987,37.53302674,127.0279255,강남구
GRID_02990,37.54851459108778,127.02527579581792,성동구
GRID_02991,37.55254432429913,127.02971481352355,성동구
GRID_02992,37.557708654368405,127.02830542794617,성동구
GRID_02993,37.561390570282526,127.02848404849044,성동구
GRID_02994,37.56441926844023,127.02743347607326,성동구
GRID_02995,37.5708532966326,127.02720664333744,동대문구
GRID_02996,37.57534766513872,127.02736906346664,동대문구
GRID_02997,37.57996951589096,127.02731211921412,성북구
GRID_02998,37.58325302583072,127.02835953550546,성북구
GRID_02999,37.58829219500405,127.02834270874894,성북구
GRID_03001,37.59862280019264,127.02833128799934,성북구
GRID_03002,37.60255303836076,127.02800033080624,성북구
GRID_03003,37.60634939641167,127.0269636747339,성북구
GRID_03004,37.61130649406672,127.02739349021282,강북구
GRID_03005,37.616516553541935,127.02603703453045,강북구
GRID_03006,37.619996936769546,127.02643696436888,강북구
GRID_03007,37.62471464625703,127.02739982891512,강북구
GRID_03008,37.62796505358531,127.02750786529336,강북구
GRID_03009,37.633915099902616,127.02701909681711,강북구
GRID_03010,37.6377000752132,127.02740340477204,강북구
GRID_03011,37.64288149860776,127.02706241323077,강북구
GRID_03012,37.64786460377783,127.02709894436909,도봉구
GRID_03013,37.6505003953119,127.02694749248298,도봉구
GRID_03014,37.656936364,127.02796482,도봉구
GRID_03015,37.66079080507144,127.02652418412112,도봉구
GRID_03016,37.6641699920938,127.02747947848006,도봉구
GRID_03017,37.669242724091205,127.0292912097578,도봉구
GRID_03034,37.46341908394237,127.034675861041,서초구
GRID_03035,37.46570747723251,127.03508837331474,서초구
GRID_03036,37.47323567,127.0324245,서초구
GRID_03037,37.475415600199774,127.03561091140688,서초구
GRID_03038,37.47870852525434,127.035635588558,서초구
GRID_03039,37.48583541688009,127.03372110872807,서초구
GRID_03040,37.48869164012399,127.03359183374933,강남구
GRID_03041,37.49410913134041,127.03442179189447,강남구
GRID_03042,37.497365194770246,127.03430775235148,강남구
GRID_03043,37.50231551650276,127.03318835997042,강남구
GRID_03044,37.50786417133274,127.03340436782216,강남구
GRID_03045,37.51152895003183,127.03374162427474,강남구
GRID_03046,37.51720581987273,127.03198289553048,강남구
GRID_03047,37.52092798981921,127.03178794428013,강남구
GRID_03048,37.52538841156159,127.03258176773348,강남구
GRID_03049,37.530504215,127.0357455,강남구
GRID_03050,37.53237734,127.0306545,강남구
GRID_03053,37.54925491605454,127.03216532695568,성동구
GRID_03054,37.55259449266477,127.03125338275387,성동구
GRID_03055,37.557866780292194,127.0327806400764,성동구
GRID_03056,37.56115328254388,127.03250503050312,성동구
GRID_03057,37.565617390750894,127.03335330945436,성동구
GRID_03058,37.57109414984807,127.03304617196754,동대문구
GRID_03059,37.57541469024348,127.03335309030268,동대문구
GRID_03060,37.5796682084143,127.03276405277916,동대문구
GRID_03061,37.58427041659038,127.03354608881683,성북구
GRID_03062,37.58750360945775,127.03417001909716,성북구
GRID_03063,37.59362402629904,127.03338394575532,성북구
GRID_03064,37.597541049157215,127.03342580163572,성북구
GRID_03065,37.60259195674693,127.03350300080272,성북구
GRID_03066,37.60570968157075,127.03329810795232,성북구
GRID_03067,37.6108980097494,127.0332302355331,강북구
GRID_03068,37.615617147930536,127.03338664721709,강북구
GRID_03069,37.620951947337424,127.03211826328504,강북구
GRID_03070,37.624971619714,127.03273846587298,강북구
GRID_03071,37.62758564848808,127.03267502390663,강북구
GRID_03072,37.63355946563722,127.03219133018752,강북구
GRID_03073,37.638675155111066,127.0327966122798,강북구
GRID_03074,37.64238977027562,127.0330291901782,도봉구
GRID_03075,37.647686385678384,127.03235391822852,도봉구
GRID_03076,37.65153032612683,127.03283516223934,도봉구
GRID_03077,37.655455612904746,127.03376706279482,도봉구
GRID_03078,37.66087898272295,127.03311378754957,도봉구
GRID_03079,37.66530753246242,127.03297167567148,도봉구
GRID_03080,37.6688574964572,127.03217116184965,도봉구
GRID_03082,37.677371222266,127.035220877434,도봉구
GRID_03098,37.46845377727947,127.041714711533,서초구
GRID_03099,37.47193418763421,127.04053612571585,서초구
GRID_03100,37.47611344491982,127.03904705210728,서초구
GRID_03101,37.48095804688819,127.0399658644903,서초구
GRID_03102,37.48380211267237,127.03940715301624,강남구
GRID_03103,37.489385100984016,127.03845998335584,강남구
GRID_03104,37.49392450603463,127.03888098003198,강남구
GRID_03105,37.497908514959896,127.03987379407772,강남구
GRID_03106,37.50392507545303,127.03944122511992,강남구
GRID_03107,37.50705216117155,127.03926973166736,강남구
GRID_03108,37.51191901822568,127.03959018686317,강남구
GRID_03109,37.51677393939974,127.0387419816299,강남구
GRID_03110,37.519796881237625,127.03914676363036,강남구
GRID_03111,37.525363425112296,127.03826395445668,강남구
GRID_03112,37.530033722,127.03921884,강남구
GRID_03116,37.54766526972,127.04074947278924,성동구
GRID_03117,37.55280583735832,127.03681003315626,성동구
GRID_03118,37.55741860718284,127.03894515299778,성동구
GRID_03119,37.56185415376487,127.03967370611883,성동구
GRID_03120,37.56504717453653,127.03929700981828,성동구
GRID_03121,37.5704053540806,127.03790564958358,동대문구
GRID_03122,37.5754990849791,127.04025793492016,동대문구
GRID_03123,37.57997175583687,127.0391047166205,동대문구
GRID_03124,37.5842715042992,127.03792168277732,동대문구
GRID_03125,37.58938690713534,127.03781929377226,성북구
GRID_03126,37.59253975172351,127.03826367199018,성북구
GRID_03127,37.59720792604605,127.0379009584198,성북구
GRID_03128,37.60174850586362,127.03855728738884,성북구
GRID_03129,37.60568456629358,127.03933674429472,성북구
GRID_03130,37.61249509642607,127.0392678684374,강북구
GRID_03131,37.61482614761321,127.03919439236562,강북구
GRID_03133,37.62608378068222,127.0368485172812,강북구
GRID_03134,37.62770422060759,127.03726460169922,강북구
GRID_03135,37.634751031397926,127.0394686906334,도봉구
GRID_03136,37.63832773786647,127.03820174773828,도봉구
GRID_03137,37.64274929219462,127.03827229376869,도봉구
GRID_03138,37.64672023043568,127.03786744066986,도봉구
GRID_03139,37.6520944074986,127.0376040793745,도봉구
GRID_03140,37.65592682916354,127.03841124079244,도봉구
GRID_03141,37.660420739127176,127.03845459870054,도봉구
GRID_03142,37.66531430236674,127.0380992246199,도봉구
GRID_03143,37.66896723259245,127.03785139257224,도봉구
GRID_03144,37.67258953470507,127.0401558416986,도봉구
GRID_03145,37.67937299773991,127.0391275137812,도봉구
GRID_03147,37.68667681834079,127.04048231000216,도봉구
GRID_03148,37.6911952839482,127.040817356086,
GRID_03161,37.46819843695038,127.04455861731088,서초구
GRID_03162,37.470923409994136,127.04573850734045,서초구
GRID_03163,37.4753560614433,127.04526310824596,서초구
GRID_03164,37.480163885692,127.04589274383154,강남구
GRID_03165,37.484930975288194,127.04435083368286,강남구
GRID_03166,37.48801862151733,127.04488444873132,강남구
GRID_03167,37.49492541218625,127.04338658060934,강남구
GRID_03168,37.497548661334704,127.04382528484771,강남구
GRID_03169,37.50315039500503,127.04450739542924,강남구
GRID_03170,37.50682687118477,127.04398150367736,강남구
GRID_03171,37.51275453315936,127.04481132605856,강남구
GRID_03172,37.5160880023842,127.0442169682652,강남구
GRID_03173,37.521087603748974,127.04514858765909,강남구
GRID_03174,37.525583192392205,127.04470916976284,강남구
GRID_03175,37.52841542174124,127.04615643401507,강남구
GRID_03177,37.5385786779732,127.04652523119908,성동구
GRID_03178,37.544089848983,127.04628444510972,성동구
GRID_03179,37.54797179143779,127.04452956578714,성동구
GRID_03180,37.55062790831662,127.045059748908,성동구
GRID_03181,37.5562860573636,127.041869857816,성동구
GRID_03182,37.56162433887856,127.04497652321936,성동구
GRID_03183,37.56581397562511,127.04430224711548,성동구
GRID_03184,37.57007620831399,127.04463356005766,성동구
GRID_03185,37.57558482744249,127.0434416670988,동대문구
GRID_03186,37.5792057266188,127.0442295558892,동대문구
GRID_03187,37.58500198967948,127.04458702643636,동대문구
GRID_03188,37.58779894001426,127.04422945094646,동대문구
GRID_03189,37.591107727523,127.046040441411,동대문구
GRID_03190,37.59835791,127.04195055,성북구
GRID_03191,37.60242494876883,127.04307612569248,성북구
GRID_03192,37.60661298677271,127.04446626168576,성북구
GRID_03193,37.61197146100435,127.0444497184036,성북구
GRID_03194,37.61560663758121,127.04407206280445,강북구
GRID_03195,37.61836719752981,127.0449387570871,강북구
GRID_03196,37.625556035365584,127.0444986643518,강북구
GRID_03197,37.62832388406581,127.04333340361764,강북구
GRID_03198,37.6338612299854,127.04277036940763,도봉구
GRID_03199,37.63841731364369,127.0419531721892,도봉구
GRID_03200,37.641926412,127.04146692,도봉구
GRID_03201,37.64686770754035,127.0435875339915,도봉구
GRID_03202,37.65305467065284,127.04453976981848,도봉구
GRID_03203,37.65523198271761,127.04279858164332,도봉구
GRID_03204,37.66143308821314,127.04401076288038,도봉구
GRID_03205,37.66505142827679,127.04376687646575,도봉구
GRID_03206,37.66979911981664,127.04277374874002,도봉구
GRID_03207,37.673897977469785,127.04356210586953,도봉구
GRID_03208,37.67923695476751,127.04269153572196,도봉구
GRID_03209,37.68390650243932,127.04362525445978,도봉구
GRID_03210,37.68613621807482,127.04394217584522,도봉구
GRID_03221,37.4551310781598,127.0531453857705,서초구
GRID_03223,37.4620491926294,127.05056404302,서초구
GRID_03225,37.472005832820926,127.04983301485755,서초구
GRID_03226,37.475931168487534,127.05009745432795,강남구
GRID_03227,37.47960012916353,127.04958211458812,강남구
GRID_03228,37.48648254,127.050326625,강남구
GRID_03229,37.48842262125,127.0510052875,강남구
GRID_03230,37.4955262218325,127.05034360910686,강남구
GRID_03231,37.498614256817525,127.05157159048974,강남구
GRID_03232,37.5027189726763,127.05187471296034,강남구
GRID_03233,37.50776638186673,127.05153150671808,강남구
GRID_03234,37.511977523854426,127.0503529726594,강남구
GRID_03235,37.51563073619727,127.05024861982022,강남구
GRID_03236,37.52148706409014,127.05041176184882,강남구
GRID_03237,37.52615367765284,127.05028242096512,강남구
GRID_03238,37.52817126875,127.04884838125,강남구
GRID_03239,37.53624519346283,127.05141131095134,성동구
GRID_03240,37.53823121080549,127.0497467290574,성동구
GRID_03241,37.543035695207145,127.0497640605249,성동구
GRID_03242,37.548645779392686,127.04985969344374,성동구
GRID_03243,37.5505639991423,127.049030560284,성동구
GRID_03245,37.561751781276136,127.05032693147288,성동구
GRID_03246,37.56451620362415,127.051167613227,성동구
GRID_03247,37.57105867794007,127.05014297481932,동대문구
GRID_03248,37.57401230252888,127.04996356155064,동대문구
GRID_03249,37.579919450315614,127.05171932516367,동대문구
GRID_03250,37.58362311393798,127.0509012445267,동대문구
GRID_03251,37.58857497591129,127.05003312307788,동대문구
GRID_03252,37.59202185019136,127.04941713928672,동대문구
GRID_03255,37.60701072534634,127.05062818341877,성북구
GRID_03256,37.610653004477975,127.04895738947953,성북구
GRID_03257,37.61511423621205,127.04977814562638,성북구
GRID_03258,37.62104169070351,127.0494246129402,강북구
GRID_03259,37.62318554543039,127.05110182693626,노원구
GRID_03261,37.633061025,127.05120185,노원구
GRID_03264,37.64717246333333,127.04964688333332,도봉구
GRID_03265,37.652616205,127.04942663333333,도봉구
GRID_03266,37.65591186223623,127.048689020741,도봉구
GRID_03267,37.66142871037511,127.04909473735886,도봉구
GRID_03268,37.66606021,127.0477089,도봉구
GRID_03269,37.6710639213931,127.04968432657166,도봉구
GRID_03270,37.67460231600434,127.05079879792012,도봉구
GRID_03271,37.67730799448038,127.05156688547358,도봉구
GRID_03272,37.68278549916666,127.04872735,도봉구
GRID_03273,37.686956045,127.0482344,도봉구
GRID_03282,37.44487778579908,127.057898041823,서초구
GRID_03283,37.44806747625,127.0560823625,서초구
GRID_03284,37.45361309245528,127.05624894937884,서초구
GRID_03285,37.45661989,127.05806895,서초구
GRID_03286,37.46313611191217,127.05448242437733,서초구
GRID_03289,37.47549465128872,127.05524750095444,강남구
GRID_03290,37.480067525,127.055619525,강남구
GRID_03291,37.483996877500005,127.055466225,강남구
GRID_03292,37.48959137,127.0553902,강남구
GRID_03293,37.4936492825,127.056372275,강남구
GRID_03294,37.49951636366151,127.05641913140384,강남구
GRID_03295,37.50236714352961,127.0558321903036,강남구
GRID_03296,37.5074055855315,127.0557749064454,강남구
GRID_03297,37.51171231485547,127.05476398774196,강남구
GRID_03298,37.51678083176438,127.05474061741675,강남구
GRID_03299,37.52105427034969,127.05523668385314,강남구
GRID_03300,37.52515072561647,127.05456727137032,강남구
GRID_03302,37.535622266903005,127.05591639826147,성동구
GRID_03303,37.53815894550724,127.0565267589255,성동구
GRID_03304,37.542217969691045,127.05502827011848,성동구
GRID_03305,37.54857503430533,127.0546077901188,성동구
GRID_03308,37.56226849379557,127.054481701289,성동구
GRID_03309,37.565984442552,127.05547667168211,동대문구
GRID_03310,37.57054064905911,127.05690676745988,동대문구
GRID_03311,37.57496552763893,127.05704235823777,동대문구
GRID_03312,37.57981415675325,127.05405103765814,동대문구
GRID_03313,37.58483659356577,127.05429595931729,동대문구
GRID_03314,37.58822877443971,127.05574136086726,동대문구
GRID_03315,37.59247383002423,127.05683156083349,동대문구
GRID_03316,37.59806840879664,127.056313405338,성북구
GRID_03317,37.60021692370776,127.05570189149466,성북구
GRID_03318,37.60747898270003,127.05568511994862,성북구
GRID_03319,37.61049712537441,127.0551873766399,성북구
GRID_03320,37.6161451131906,127.05454400908826,성북구
GRID_03321,37.62096459432241,127.05738869564227,노원구
GRID_03322,37.62378262598597,127.05451676472124,노원구
GRID_03323,37.62950684837475,127.05698074434184,노원구
GRID_03324,37.63249355089583,127.05761632147316,노원구
GRID_03326,37.642405100000005,127.0530762,노원구
GRID_03328,37.65189275,127.0579982,노원구
GRID_03330,37.66025261,127.0572497,노원구
GRID_03331,37.664422795,127.0557652,노원구
GRID_03332,37.67079557190694,127.056377217839,노원구
GRID_03333,37.67477101843031,127.05527380963338,노원구
GRID_03334,37.67773025372051,127.05574116872728,노원구
GRID_03335,37.68177611,127.05569016666668,노원구
GRID_03336,37.68697235728633,127.053404431904,
GRID_03347,37.45369038,127.0623882,서초구
GRID_03354,37.483710895872434,127.06144284927626,강남구
GRID_03355,37.48836656,127.06083276,강남구
GRID_03356,37.4939340375,127.061065325,강남구
GRID_03357,37.49929316904785,127.0605164953618,강남구
GRID_03358,37.503735441686246,127.06108058715296,강남구
GRID_03359,37.50613877853408,127.06094623832568,강남구
GRID_03361,37.51703444263173,127.06209580793796,강남구
GRID_03362,37.51902726522713,127.062651813425,강남구
GRID_03365,37.53505968333559,127.06230333191463,성동구
GRID_03366,37.53922252288183,127.06206674756096,성동구
GRID_03367,37.54395409343847,127.06308942664376,성동구
GRID_03368,37.54811367829379,127.06192917765055,성동구
GRID_03371,37.56257919283633,127.0619910991004,동대문구
GRID_03372,37.56553182395784,127.06252421172542,동대문구
GRID_03373,37.569944624118286,127.06125461509528,동대문구
GRID_03374,37.57400026382499,127.06041368492718,동대문구
GRID_03375,37.57919168879381,127.06002004596311,동대문구
GRID_03376,37.58593099788386,127.0599190258806,동대문구
GRID_03377,37.58852479808381,127.06114425883288,동대문구
GRID_03378,37.59283404610457,127.06027730737284,동대문구
GRID_03379,37.59728640294488,127.0612445106654,동대문구
GRID_03380,37.60237888790211,127.06204685154016,성북구
GRID_03381,37.60662296465606,127.0601271920352,성북구
GRID_03382,37.61165780572791,127.06148211037508,성북구
GRID_03383,37.61633111752116,127.06128652778852,노원구
GRID_03384,37.6203063382354,127.06046895731195,노원구
GRID_03385,37.62374999249042,127.05969599605608,노원구
GRID_03386,37.629402049026375,127.059542967525,노원구
GRID_03387,37.633008958990665,127.05985010837183,노원구
GRID_03388,37.637567595,127.06191375,노원구
GRID_03389,37.64374349,127.0614427,노원구
GRID_03390,37.64705708,127.0608746,노원구
GRID_03391,37.651423145,127.0599474,노원구
GRID_03392,37.656495293333336,127.06045993333332,노원구
GRID_03393,37.65924840344391,127.06231007840036,노원구
GRID_03394,37.664399763333336,127.0605519,노원구
GRID_03395,37.667672,127.0622595,노원구
GRID_03396,37.674637149351774,127.05905758347296,노원구
GRID_03397,37.67680228,127.0579527,노원구
GRID_03410,37.45415034077965,127.06678799267874,서초구
GRID_03416,37.48117128,127.064887,강남구
GRID_03417,37.48398832,127.0673919,강남구
GRID_03418,37.4883411,127.0678406,강남구
GRID_03419,37.49339315,127.06735,강남구
GRID_03420,37.49918265666667,127.06658773333334,강남구
GRID_03421,37.50224618666592,127.0662118798227,강남구
GRID_03424,37.51687701423501,127.06513372639878,강남구
GRID_03427,37.53176753554125,127.0691913084115,광진구
GRID_03428,37.53442796576758,127.06623676972364,광진구
GRID_03429,37.538960616541466,127.0663229839549,광진구
GRID_03430,37.54397925786407,127.06772414359055,성동구
GRID_03431,37.54768528628784,127.06845348038718,성동구
GRID_03432,37.55252407619176,127.06839978956329,성동구
GRID_03433,37.55626490205892,127.06900680435716,성동구
GRID_03434,37.56265284833837,127.06762257857874,동대문구
GRID_03435,37.56630683017497,127.06744694862807,동대문구
GRID_03436,37.570132029716746,127.06759954048334,동대문구
GRID_03437,37.57473970888874,127.06809332089182,동대문구
GRID_03438,37.57885889832061,127.0678447206311,동대문구
GRID_03439,37.585142417752,127.0666910040212,동대문구
GRID_03440,37.58853063506588,127.06631701426454,동대문구
GRID_03441,37.59356944568547,127.06589178287044,동대문구
GRID_03442,37.59721929049226,127.06641043683967,동대문구
GRID_03443,37.60211756256114,127.06659799445691,동대문구
GRID_03444,37.60699254901931,127.06609390672344,성북구
GRID_03445,37.611028045215,127.06507505546053,성북구
GRID_03446,37.61636731874619,127.0654037555541,노원구
GRID_03447,37.61799597,127.0684273,노원구
GRID_03448,37.62475134,127.06474386666667,노원구
GRID_03449,37.6288569775,127.06785205,노원구
GRID_03450,37.63413068,127.066549475,노원구
GRID_03451,37.63821741333334,127.06644876666668,노원구
GRID_03452,37.64159696898447,127.06785498586966,노원구
GRID_03453,37.64644177,127.067022075,노원구
GRID_03454,37.65295241,127.0664129,노원구
GRID_03455,37.65701977552593,127.06711765108872,노원구
GRID_03456,37.66072180750678,127.06742619632487,노원구
GRID_03457,37.66483410155475,127.06806262387737,노원구
GRID_03480,37.48556313,127.071783,강남구
GRID_03481,37.48994334,127.07335805,강남구
GRID_03482,37.49418481,127.0752154,강남구
GRID_03483,37.49877786,127.07085125,강남구
GRID_03485,37.50686533,127.0731419,송파구
GRID_03490,37.53105061913076,127.073463837386,광진구
GRID_03491,37.53455253406064,127.07268218151712,광진구
GRID_03492,37.53792659283791,127.07511436371594,광진구
GRID_03493,37.544995573569786,127.07207879585368,광진구
GRID_03494,37.547328059533605,127.0721079319875,광진구
GRID_03495,37.55343628508155,127.07332371913202,성동구
GRID_03496,37.55640127009445,127.07378484531328,성동구
GRID_03497,37.56181538696634,127.07252296646912,동대문구
GRID_03498,37.565705706190585,127.0712388188271,동대문구
GRID_03499,37.57024153800387,127.072156603661,동대문구
GRID_03500,37.5754494663663,127.07214083990064,동대문구
GRID_03501,37.57973516730701,127.07282663872012,동대문구
GRID_03502,37.58418330476847,127.07315416949984,동대문구
GRID_03503,37.58965547575183,127.07358821974483,중랑구
GRID_03504,37.59370235182838,127.07346058672944,중랑구
GRID_03505,37.59738278588854,127.0732683536728,동대문구
GRID_03506,37.602075342181685,127.07398213093217,중랑구
GRID_03507,37.60671840675347,127.07434225608831,중랑구
GRID_03508,37.61174976013097,127.07449611542482,중랑구
GRID_03509,37.6159068048771,127.07410230118344,노원구
GRID_03510,37.620247615924754,127.07319108413824,노원구
GRID_03511,37.6245104694076,127.07325371963042,노원구
GRID_03512,37.628272022026,127.07377315328743,노원구
GRID_03513,37.63506882935734,127.07253017831778,노원구
GRID_03514,37.63720574338721,127.07332939843351,노원구
GRID_03515,37.64296073582846,127.0712819210474,노원구
GRID_03516,37.647837306666666,127.07346813333334,노원구
GRID_03517,37.65208144383899,127.07123377261864,노원구
GRID_03518,37.655516044367495,127.07066723421784,노원구
GRID_03519,37.66112746929654,127.07124284502164,노원구
GRID_03520,37.66505262509407,127.07079985788204,노원구
GRID_03521,37.6675091321991,127.070972737015,노원구
GRID_03542,37.48202022,127.0778494,강남구
GRID_03543,37.48387012,127.0808707,강남구
GRID_03544,37.49047321236588,127.0798358758712,강남구
GRID_03545,37.4934532238243,127.07981878881031,강남구
GRID_03546,37.49629622,127.0766254,강남구
GRID_03547,37.50467129846215,127.0797431627013,송파구
GRID_03548,37.506973864325495,127.0804624824568,송파구
GRID_03549,37.51105885495439,127.08006054179576,송파구
GRID_03553,37.53036512847012,127.07902012431104,광진구
GRID_03554,37.53474194781707,127.07876907537587,광진구
GRID_03555,37.53807725455872,127.07885482228538,광진구
GRID_03556,37.54484412192986,127.07968424438134,광진구
GRID_03558,37.55358025991298,127.0785777636672,광진구
GRID_03559,37.55755917717824,127.07879713472086,광진구
GRID_03560,37.56130305290491,127.0785089014215,광진구
GRID_03561,37.566020204747886,127.07927743214232,광진구
GRID_03562,37.570417733498594,127.07948814619954,동대문구
GRID_03563,37.57515152814052,127.080676123992,중랑구
GRID_03564,37.579186014279,127.07677555120723,동대문구
GRID_03565,37.58475251896205,127.07823427035584,중랑구
GRID_03566,37.58873159466579,127.07877498442552,중랑구
GRID_03567,37.5929864673514,127.07837333137012,중랑구
GRID_03568,37.59797742534557,127.0778861722435,중랑구
GRID_03569,37.60249242419136,127.07798557960366,중랑구
GRID_03570,37.607010547256266,127.07850946253656,중랑구
GRID_03571,37.61086719689972,127.07881474988504,중랑구
GRID_03572,37.61550569671252,127.0789933025347,노원구
GRID_03573,37.62060192238879,127.07762029960276,노원구
GRID_03574,37.6249228571255,127.07759829725792,노원구
GRID_03575,37.62773073505721,127.077454924534,노원구
GRID_03577,37.63693665527299,127.07731192861944,노원구
GRID_03579,37.647600996,127.07749726,노원구
GRID_03580,37.651554006666665,127.07821866666669,노원구
GRID_03581,37.656280806666665,127.07735763333334,노원구
GRID_03582,37.66029579531136,127.07663304766083,노원구
GRID_03583,37.66602314083814,127.07764064365816,노원구
GRID_03584,37.67035487896599,127.0786757530899,노원구
GRID_03585,37.67248430540754,127.07961090413228,노원구
GRID_03605,37.48148304621507,127.08327701951,강남구
GRID_03606,37.48456332,127.0839448,강남구
GRID_03607,37.49101177315564,127.08416136633488,강남구
GRID_03608,37.49343090866289,127.08482434737556,강남구
GRID_03609,37.50066094416125,127.087175940701,송파구
GRID_03610,37.50356767627177,127.08429292499896,송파구
GRID_03611,37.50731696957445,127.08418474363177,송파구
GRID_03612,37.510514621729655,127.0838918951802,송파구
GRID_03616,37.530299420543614,127.08362944173314,광진구
GRID_03617,37.53440172913391,127.08305499478882,광진구
GRID_03618,37.53959269463562,127.0847542132152,광진구
GRID_03619,37.54317941524786,127.08382681072996,광진구
GRID_03620,37.547398808204136,127.08642952563451,광진구
GRID_03621,37.55359320164737,127.0841673049788,광진구
GRID_03622,37.55743735126867,127.08447321276331,광진구
GRID_03623,37.56154117034937,127.08450961268932,광진구
GRID_03624,37.56656673041443,127.08409959639064,광진구
GRID_03625,37.570506723333445,127.08410161781336,중랑구
GRID_03626,37.57561494776095,127.08342216821762,중랑구
GRID_03627,37.579595766027225,127.08502803930465,중랑구
GRID_03628,37.58453569622839,127.08377648227562,중랑구
GRID_03629,37.58900108580811,127.08400470185684,중랑구
GRID_03630,37.59339321468322,127.08382446655372,중랑구
GRID_03631,37.598273505240215,127.08440465283051,중랑구
GRID_03632,37.60178246618206,127.08372495366932,중랑구
GRID_03633,37.60627429965968,127.08216524900868,중랑구
GRID_03634,37.610850362198015,127.0814653974036,중랑구
GRID_03635,37.61610699419604,127.0817519327315,노원구
GRID_03636,37.62089098752749,127.08220605516632,노원구
GRID_03637,37.62480589649272,127.08337616162277,노원구
GRID_03641,37.644181395670266,127.083094924626,노원구
GRID_03642,37.64777818625394,127.08332467564932,노원구
GRID_03643,37.6507196628859,127.08330064263272,노원구
GRID_03647,37.670472368190026,127.08314772775658,노원구
GRID_03648,37.672814347944175,127.08359047185164,노원구
GRID_03665,37.46677934,127.092967,강남구
GRID_03666,37.47155381666666,127.0901792,강남구
GRID_03668,37.48098322,127.0908766,강남구
GRID_03669,37.484815125,127.08914805,강남구
GRID_03670,37.49143490662463,127.08751675409248,강남구
GRID_03671,37.49263425,127.0902836,강남구
GRID_03672,37.500025537221845,127.09129152635148,송파구
GRID_03673,37.5028547945529,127.0898805089887,송파구
GRID_03674,37.50633200217548,127.08968528010858,송파구
GRID_03675,37.51133423,127.08978045,송파구
GRID_03679,37.53132402592114,127.08843626297868,광진구
GRID_03680,37.53465244366975,127.09002697114497,광진구
GRID_03681,37.54000894699372,127.08974621440476,광진구
GRID_03682,37.542907604518376,127.08980236371828,광진구
GRID_03683,37.54827184342916,127.0899599362268,광진구
GRID_03684,37.55311502278493,127.09084542067916,광진구
GRID_03685,37.55684075239042,127.0901976083796,광진구
GRID_03686,37.56117408937616,127.08884987301929,광진구
GRID_03687,37.56600013874682,127.08783569983538,광진구
GRID_03688,37.5700573425778,127.0875716072752,중랑구
GRID_03689,37.575727047443685,127.08778654481938,중랑구
GRID_03690,37.579406055135244,127.08959601293104,중랑구
GRID_03691,37.584630097008166,127.09030203811642,중랑구
GRID_03692,37.588191777139016,127.08998336671974,중랑구
GRID_03693,37.59335736360676,127.089583754148,중랑구
GRID_03694,37.59694557285503,127.0881646499624,중랑구
GRID_03695,37.601383508105805,127.08881712709169,중랑구
GRID_03696,37.60536713,127.0911423,중랑구
GRID_03698,37.61609033,127.0901692,중랑구
GRID_03699,37.62066627,127.0886709,노원구
GRID_03700,37.62488295256506,127.08922481229207,노원구
GRID_03701,37.62773762,127.0869082,노원구
GRID_03728,37.4683127259025,127.0973442451185,강남구
GRID_03729,37.4734067980509,127.098110032011,강남구
GRID_03730,37.4741298,127.0940866,강남구
GRID_03731,37.48125246,127.0948738,강남구
GRID_03732,37.486197315,127.09747785,강남구
GRID_03735,37.49964410564075,127.09542866152452,송파구
GRID_03736,37.50325145809006,127.0956363382972,송파구
GRID_03737,37.50592026440695,127.09475786955566,송파구
GRID_03738,37.51110383,127.0939187,송파구
GRID_03739,37.51436846,127.0929821,송파구
GRID_03743,37.535695885,127.0928833,광진구
GRID_03744,37.53966965016323,127.09368891832304,광진구
GRID_03745,37.542290844600274,127.09379864701562,광진구
GRID_03746,37.54986530785242,127.0940299519362,광진구
GRID_03747,37.55273110772195,127.09492035499969,광진구
GRID_03748,37.55685923716359,127.0943681085876,광진구
GRID_03749,37.55997390763719,127.09526289066042,광진구
GRID_03753,37.5797435970597,127.09361204287872,중랑구
GRID_03754,37.58453302737382,127.09357406988812,중랑구
GRID_03755,37.58822147791756,127.09503942130816,중랑구
GRID_03756,37.59334325493302,127.09534116833784,중랑구
GRID_03757,37.59695551820202,127.0955611168632,중랑구
GRID_03758,37.601992866474845,127.09510587293413,중랑구
GRID_03759,37.60605707603919,127.0965249849351,중랑구
GRID_03760,37.61012329,127.0956693,중랑구
GRID_03761,37.61511025333333,127.094405,중랑구
GRID_03789,37.46028855,127.1011854,강남구
GRID_03790,37.46291078,127.10216328,강남구
GRID_03791,37.46699562054929,127.1010517549394,강남구
GRID_03792,37.4709959715286,127.1016129134324,강남구
GRID_03793,37.47439122396884,127.10248836848538,강남구
GRID_03795,37.48697496,127.1034363,강남구
GRID_03796,37.489247442,127.10214756,강남구
GRID_03798,37.49987023702468,127.100848564299,송파구
GRID_03799,37.50320299094944,127.10142182666476,송파구
GRID_03800,37.506056105307934,127.10213782061932,송파구
GRID_03801,37.51310116,127.1034332,송파구
GRID_03802,37.51617918625,127.10182765,송파구
GRID_03803,37.519458165,127.1009485,송파구
GRID_03807,37.540167960000005,127.0993511,광진구
GRID_03808,37.54298933728327,127.10106910752528,광진구
GRID_03809,37.54720917480827,127.10261538210206,광진구
GRID_03810,37.5508255423254,127.10171588086034,광진구
GRID_03818,37.589154550262094,127.1006032440722,중랑구
GRID_03819,37.59300113423654,127.10084272233364,중랑구
GRID_03820,37.5978035576712,127.10077823615973,중랑구
GRID_03821,37.60187593903703,127.10017397782548,중랑구
GRID_03822,37.6065900524662,127.099365885919,중랑구
GRID_03823,37.61084545,127.10078595,중랑구
GRID_03824,37.61579147426807,127.10065120677268,노원구
GRID_03825,37.61824812643062,127.1018413532,노원구
GRID_03854,37.4676629,127.105382,강남구
GRID_03855,37.47225652333293,127.107074630153,강남구
GRID_03856,37.474728334,127.1058418,강남구
GRID_03858,37.486964965,127.10616905,강남구
GRID_03861,37.50021574692946,127.10639668168284,송파구
GRID_03862,37.50317058085462,127.10700693536911,송파구
GRID_03863,37.50784834355164,127.10727190940857,송파구
GRID_03864,37.510914433479336,127.10886766550637,송파구
GRID_03865,37.515756047857145,127.10787792857144,송파구
GRID_03866,37.52053662,127.1061509,송파구
GRID_03871,37.54315871,127.1041886,광진구
GRID_03872,37.54827266959781,127.10719964214294,광진구
GRID_03873,37.5509463325,127.108707175,광진구
GRID_03883,37.59899867272143,127.10550814613906,중랑구
GRID_03884,37.601932087826135,127.1066648562513,중랑구
GRID_03885,37.60570417877264,127.10636591162812,중랑구
GRID_03886,37.60963221,127.1058568,중랑구
GRID_03887,37.61737254,127.106824,중랑구
GRID_03918,37.47159087,127.1116433,강남구
GRID_03919,37.47508057,127.1113078,강남구
GRID_03921,37.4852529,127.1148086,송파구
GRID_03922,37.48851993,127.1143773,송파구
GRID_03924,37.50012618905234,127.1142639132229,송파구
GRID_03925,37.50344520336032,127.11252227832756,송파구
GRID_03926,37.50775863786548,127.1125026655256,송파구
GRID_03927,37.512188806094606,127.11273247183765,송파구
GRID_03928,37.51544472898324,127.112290006335,송파구
GRID_03930,37.52717977110405,127.11506376406624,송파구
GRID_03931,37.5311063610391,127.11338860510912,송파구
GRID_03932,37.534011804533804,127.11357314301664,송파구
GRID_03935,37.5495962671238,127.109940031496,광진구
GRID_03936,37.55146545428572,127.11019998571427,광진구
GRID_03947,37.6018771990515,127.11046644503526,중랑구
GRID_03948,37.60770239,127.1103739,중랑구
GRID_03949,37.60928035,127.1101114,중랑구
GRID_03950,37.6171525245454,127.11034158369822,중랑구
GRID_03983,37.48042935,127.1204658,송파구
GRID_03984,37.48582212,127.1206316,송파구
GRID_03985,37.49067138712763,127.12108074906835,송파구
GRID_03986,37.4949189803508,127.11913239557352,송파구
GRID_03987,37.49872171911535,127.11862694304634,송파구
GRID_03988,37.5029719178751,127.1167105635918,송파구
GRID_03989,37.50864068772006,127.11784590233228,송파구
GRID_03990,37.51200601179677,127.11800640739992,송파구
GRID_03991,37.51484206293534,127.11708981673108,송파구
GRID_03993,37.52755890261818,127.11657666093042,송파구
GRID_03994,37.52955859846887,127.11745321395406,송파구
GRID_03995,37.53475799808525,127.11808446493644,송파구
GRID_03996,37.53855845488585,127.11878763227702,송파구
GRID_03997,37.54267533503712,127.12053214737844,강동구
GRID_04046,37.48157486719203,127.12550285101354,송파구
GRID_04047,37.48532697769947,127.12497425407238,송파구
GRID_04048,37.48921487395233,127.12467524752908,송파구
GRID_04049,37.49408897535966,127.12495566331351,송파구
GRID_04050,37.49879211626976,127.12417854414996,송파구
GRID_04051,37.50242734564051,127.12443335152165,송파구
GRID_04052,37.508540339534655,127.12315075678296,송파구
GRID_04053,37.51166831398464,127.12343274869076,송파구
GRID_04056,37.52704381527366,127.12478347816298,강동구
GRID_04057,37.5300985887427,127.1233948616242,송파구
GRID_04058,37.53457386791271,127.1243246908527,강동구
GRID_04059,37.5390431775412,127.12372248705616,강동구
GRID_04060,37.54380226875757,127.12298506185245,강동구
GRID_04061,37.5479624445997,127.12484881720653,강동구
GRID_04062,37.550946319270366,127.12458185749506,강동구
GRID_04108,37.47763439,127.12931633333334,송파구
GRID_04109,37.48182992026694,127.12823323694244,송파구
GRID_04110,37.48527641687392,127.12960120951466,송파구
GRID_04111,37.48876586568373,127.1282407222276,송파구
GRID_04112,37.49361624617309,127.12937588724512,송파구
GRID_04113,37.49815746110192,127.12795519664824,송파구
GRID_04114,37.503710124817054,127.12959912007318,송파구
GRID_04115,37.50727766793533,127.12999425779498,송파구
GRID_04116,37.51058045040518,127.12842696771934,송파구
GRID_04119,37.526044011874575,127.1299790668943,강동구
GRID_04120,37.53036971030263,127.1298697778374,강동구
GRID_04121,37.5343129942026,127.129591111884,강동구
GRID_04122,37.53913986864277,127.13058553956884,강동구
GRID_04123,37.54424803035023,127.12976973465716,강동구
GRID_04124,37.548250946248906,127.12994178809588,강동구
GRID_04125,37.55256383752142,127.13002430614868,강동구
GRID_04126,37.5552983077326,127.1302420900036,강동구
GRID_04171,37.47651605,127.1352827,송파구
GRID_04172,37.481009955000005,127.135626,송파구
GRID_04173,37.48654449364795,127.13340238598828,송파구
GRID_04174,37.48810696582115,127.13351501243773,송파구
GRID_04175,37.494373939298185,127.13520364227956,송파구
GRID_04176,37.49766970367976,127.13509403479314,송파구
GRID_04177,37.50315395851202,127.13467054466544,송파구
GRID_04178,37.50655282269474,127.1339697385538,송파구
GRID_04180,37.51756165,127.1363716,송파구
GRID_04181,37.52334090493533,127.1329698985834,강동구
GRID_04182,37.52616387287816,127.1333970457494,강동구
GRID_04183,37.53085856887582,127.1348195634536,강동구
GRID_04184,37.53388265859245,127.1352344746996,강동구
GRID_04185,37.53948380523761,127.13522667946046,강동구
GRID_04186,37.54378293734817,127.13541931137948,강동구
GRID_04187,37.54862070387293,127.13498816166748,강동구
GRID_04188,37.55241354683543,127.1349450698442,강동구
GRID_04189,37.555908873471466,127.13606653849818,강동구
GRID_04234,37.475557906,127.14181678,송파구
GRID_04235,37.47986412,127.141777625,송파구
GRID_04236,37.48557398875,127.1418468875,송파구
GRID_04237,37.49048615709495,127.143660097471,송파구
GRID_04238,37.49500889561018,127.1418878188804,송파구
GRID_04239,37.49896939416874,127.14110184949296,송파구
GRID_04240,37.5024521287941,127.14072027777428,송파구
GRID_04245,37.52734503666667,127.14181406666668,강동구
GRID_04246,37.53094123245985,127.14036646478844,강동구
GRID_04247,37.53496181914169,127.1412866532508,강동구
GRID_04248,37.53927817372011,127.1407226196514,강동구
GRID_04249,37.54362791448726,127.14032790552103,강동구
GRID_04250,37.54812307693312,127.1406425547194,강동구
GRID_04251,37.552013087793256,127.14091443692494,강동구
GRID_04252,37.556601225,127.14094615,강동구
GRID_04299,37.48537726333333,127.1463289,송파구
GRID_04300,37.49114376261893,127.1479195001342,송파구
GRID_04301,37.493136684116266,127.1467337932122,송파구
GRID_04302,37.49938592361039,127.14686936388698,송파구
GRID_04303,37.502017517684905,127.14566423919536,송파구
GRID_04308,37.5274433005575,127.14497603557952,강동구
GRID_04309,37.53091799176373,127.14526832046135,강동구
GRID_04310,37.53456965679746,127.14594773336874,강동구
GRID_04311,37.53918626524273,127.14617022515232,강동구
GRID_04312,37.54342149012754,127.14576774004593,강동구
GRID_04313,37.54798514641481,127.1452462329416,강동구
GRID_04314,37.55308954554872,127.1456106677338,강동구
GRID_04315,37.558547096666665,127.14599823333332,강동구
GRID_04363,37.49097842185844,127.15016899119564,송파구
GRID_04364,37.49451663835065,127.15292899284854,송파구
GRID_04365,37.49895618589697,127.15261068636998,송파구
GRID_04366,37.50150977917079,127.1525500440024,송파구
GRID_04373,37.5362796401904,127.149369100497,강동구
GRID_04374,37.5389766221158,127.150064319788,강동구
GRID_04376,37.54804732609771,127.15400763720793,강동구
GRID_04377,37.55317345444444,127.15344274444443,강동구
GRID_04378,37.55857117775488,127.15283895028544,강동구
GRID_04379,37.561159609265694,127.1532790355757,강동구
GRID_04426,37.49131267319532,127.15739850956314,송파구
GRID_04427,37.4941069697486,127.15691928587202,송파구
GRID_04428,37.49727298635764,127.15614606069327,송파구
GRID_04439,37.54767002717341,127.15572990459796,강동구
GRID_04440,37.55283610333333,127.15626238333334,강동구
GRID_04441,37.55893028,127.1552404,강동구
GRID_04442,37.56149808318841,127.1561594475803,강동구
GRID_04501,37.5459347118459,127.164706112835,강동구
GRID_04502,37.5463973080321,127.16304088553224,강동구
GRID_04503,37.55141623,127.1616227,강동구
GRID_04504,37.556802995,127.16395575,강동구
GRID_04505,37.56180779568032,127.16268582421692,강동구
GRID_04564,37.54603637726195,127.168948905161,강동구
GRID_04565,37.54739108316419,127.16993348918422,강동구
GRID_04566,37.552307715,127.1688274,강동구
GRID_04567,37.55900817479164,127.16996847180482,강동구
GRID_04568,37.5613988157353,127.1687218829284,강동구
GRID_04570,37.57041354,127.1697782,강동구
GRID_04628,37.54901276655666,127.17231597791714,강동구
GRID_04629,37.5528325,127.1750225,강동구
GRID_04630,37.55804120911792,127.17300839423586,강동구
GRID_04631,37.562692645,127.176687,강동구
GRID_04632,37.56565614230769,127.17367448461538,강동구
GRID_04633,37.5710709525,127.1746644,강동구
GRID_04634,37.57356979,127.1746131,강동구
GRID_04692,37.552440710000006,127.1812411,강동구
GRID_04693,37.55551673,127.1808975,강동구
GRID_04694,37.561558765,127.1794187,강동구
GRID_04695,37.566164505,127.1785644,강동구
